subjid1,block,rep,respnr,line,rad,var,pred,new_block,correct,resp_time,new_rho_bias,rho,theta_resp,theta,rho_resp,rep_number,new_theta_resp,new_theta_bias
1.0,1.0,20.0,20.0,1.0,0.0,0.0,10.0,0.0,2.0,2.95271,0.0,0.0,1.3258,0.0,0.0301,20.0,1.3258,1.3258
1.0,2.0,3.0,23.0,6.0,0.3,0.0,1.0,0.0,2.0,6.903092,0.0,0.0,1.2224,0.0,1.6465,6.0,1.2224,1.2224
1.0,2.0,6.0,26.0,6.0,0.3,0.0,5.0,0.0,2.0,5.461901,0.0,0.0,2.4801,0.0,4.8013,6.0,2.4801,2.4801
1.0,2.0,6.0,26.0,6.0,0.3,0.0,10.0,0.0,2.0,2.831374,0.0,0.0,1.1153,0.0,1.6096,6.0,1.1153,1.1153
1.0,3.0,3.0,29.0,19.0,0.3,0.0,1.0,0.0,2.0,6.111296,0.0,0.0,-2.6888,0.0,0.3004,3.0,3.594385307179586,3.594385307179586
1.0,3.0,3.0,29.0,19.0,0.3,0.0,10.0,0.0,2.0,5.093032,0.0,0.0,-2.5136,0.0,2.7335,3.0,3.7695853071795864,3.7695853071795864
1.0,4.0,3.0,32.0,9.0,0.0,0.0,1.0,0.0,2.0,2.421826,0.0,0.0,1.3258,0.0,2.5584,6.0,1.3258,1.3258
1.0,4.0,6.0,35.0,9.0,0.0,0.0,5.0,0.0,2.0,1.528867,0.0,0.0,0.6889,0.0,0.1608,6.0,0.6889,0.6889
1.0,4.0,6.0,35.0,9.0,0.0,0.0,10.0,0.0,2.0,1.456392,0.0,0.0,2.8563,0.0,0.5706,6.0,1.2855036732051035,1.2855036732051035
1.0,5.0,3.0,38.0,7.0,0.9,0.0,1.0,0.0,2.0,2.641527,0.0,0.0,1.6701,0.0,4.1963,9.0,1.6701,1.6701
1.0,5.0,6.0,41.0,7.0,0.9,0.0,5.0,0.0,2.0,3.683298,0.0,0.0,1.8788,0.0,0.1685,9.0,1.8788,1.8788
1.0,5.0,9.0,44.0,7.0,0.9,0.0,1.0,0.0,2.0,3.281408,0.0,0.0,1.8247,0.0,3.9821,9.0,1.8247,1.8247
1.0,5.0,9.0,44.0,7.0,0.9,0.0,10.0,0.0,2.0,2.59345,0.0,0.0,1.8598,0.0,4.0213,9.0,1.8598,1.8598
1.0,6.0,3.0,47.0,21.0,0.3,0.0,1.0,0.0,2.0,6.522914,0.0,0.0,-1.5035,0.0,4.4486,9.0,4.779685307179586,4.779685307179586
1.0,6.0,6.0,50.0,21.0,0.3,0.0,5.0,0.0,2.0,3.542787,0.0,0.0,-2.2242,0.0,2.9421,9.0,4.0589853071795865,4.0589853071795865
1.0,6.0,9.0,53.0,21.0,0.3,0.0,1.0,0.0,2.0,1.928897,0.0,0.0,2.3634,0.0,4.9917,9.0,5.5049926535897935,5.5049926535897935
1.0,6.0,9.0,53.0,21.0,0.3,0.0,10.0,0.0,2.0,2.707755,0.0,0.0,-2.39,0.0,4.4263,9.0,3.893185307179586,3.893185307179586
1.0,7.0,3.0,56.0,15.0,0.5,0.0,1.0,0.0,2.0,7.708843,0.0,0.0,-0.0593,0.0,0.7386,3.0,6.223885307179586,6.223885307179586
1.0,7.0,3.0,56.0,15.0,0.5,0.0,10.0,0.0,2.0,0.444542,0.0,0.0,2.9822,0.0,9.0131,3.0,6.123792653589794,6.123792653589794
1.0,8.0,3.0,59.0,11.0,0.9,0.0,1.0,0.0,2.0,2.085595,0.0,0.0,2.0368,0.0,5.4749,3.0,2.0368,2.0368
1.0,8.0,3.0,59.0,11.0,0.9,0.0,10.0,0.0,2.0,0.272835,0.0,0.0,-2.2176,0.0,3.5493,3.0,0.9239926535897931,0.9239926535897931
1.0,9.0,3.0,62.0,4.0,0.0,0.0,1.0,0.0,2.0,1.753864,0.0,0.0,-2.8227,0.0,2.4216,3.0,0.3188926535897929,0.3188926535897929
1.0,9.0,3.0,62.0,4.0,0.0,0.0,10.0,0.0,2.0,0.880438,0.0,0.0,-0.4998,0.0,2.8029,3.0,-0.4998,-0.4998
1.0,10.0,3.0,65.0,3.0,0.7,0.0,1.0,0.0,2.0,1.162549,0.0,0.0,1.1377,0.0,3.8444,12.0,1.1377,1.1377
1.0,10.0,6.0,68.0,3.0,0.7,0.0,5.0,0.0,2.0,1.855571,0.0,0.0,0.546,0.0,6.0733,12.0,0.546,0.546
1.0,10.0,9.0,71.0,3.0,0.7,0.0,1.0,0.0,2.0,1.612087,0.0,0.0,0.4374,0.0,2.8609,12.0,0.4374,0.4374
1.0,10.0,12.0,74.0,3.0,0.7,0.0,5.0,0.0,2.0,0.913848,0.0,0.0,1.4582,0.0,3.8349,12.0,1.4582,1.4582
1.0,10.0,12.0,74.0,3.0,0.7,0.0,10.0,0.0,2.0,4.041176,0.0,0.0,2.2768,0.0,1.4965,12.0,2.2768,2.2768
1.0,11.0,3.0,77.0,14.0,0.0,0.0,1.0,0.0,2.0,1.783839,0.0,0.0,-2.5209,0.0,2.1088,9.0,0.620692653589793,0.620692653589793
1.0,11.0,6.0,80.0,14.0,0.0,0.0,5.0,0.0,2.0,1.549523,0.0,0.0,-0.6667,0.0,2.8332,9.0,-0.6667,-0.6667
1.0,11.0,9.0,83.0,14.0,0.0,0.0,1.0,0.0,2.0,1.921531,0.0,0.0,-3.0429,0.0,0.7409,9.0,0.09869265358979318,0.09869265358979318
1.0,11.0,9.0,83.0,14.0,0.0,0.0,10.0,0.0,2.0,0.734402,0.0,0.0,-2.9341,0.0,0.7087,9.0,0.20749265358979319,0.20749265358979319
1.0,12.0,3.0,86.0,18.0,0.7,0.0,1.0,0.0,2.0,1.987303,0.0,0.0,-2.2582,0.0,3.3248,9.0,4.024985307179586,4.024985307179586
1.0,12.0,6.0,89.0,18.0,0.7,0.0,5.0,0.0,2.0,3.204036,0.0,0.0,-1.09,0.0,3.0464,9.0,5.193185307179586,5.193185307179586
1.0,12.0,9.0,92.0,18.0,0.7,0.0,1.0,0.0,2.0,2.190744,0.0,0.0,-1.8537,0.0,0.6538,9.0,4.429485307179586,4.429485307179586
1.0,12.0,9.0,92.0,18.0,0.7,0.0,10.0,0.0,2.0,0.379717,0.0,0.0,-1.6191,0.0,0.4531,9.0,4.664085307179587,4.664085307179587
1.0,13.0,3.0,95.0,8.0,0.7,0.0,1.0,0.0,2.0,3.574511,0.0,0.0,1.0932,0.0,3.2879,3.0,1.0932,1.0932
1.0,13.0,3.0,95.0,8.0,0.7,0.0,10.0,0.0,2.0,1.657699,0.0,0.0,2.313,0.0,4.1799,3.0,2.313,2.313
1.0,14.0,3.0,98.0,13.0,0.7,0.0,1.0,0.0,2.0,3.161915,0.0,0.0,-1.3678,0.0,0.2534,6.0,4.915385307179586,4.915385307179586
1.0,14.0,6.0,101.0,13.0,0.7,0.0,5.0,0.0,2.0,2.302511,0.0,0.0,-1.5316,0.0,4.2812,6.0,4.751585307179586,4.751585307179586
1.0,14.0,6.0,101.0,13.0,0.7,0.0,10.0,0.0,2.0,3.465391,0.0,0.0,-2.402,0.0,1.6897,6.0,3.881185307179586,3.881185307179586
1.0,15.0,3.0,104.0,23.0,0.0,0.0,1.0,0.0,2.0,3.228345,0.0,0.0,0.8008,0.0,3.6809,6.0,0.8008,0.8008
1.0,15.0,6.0,107.0,23.0,0.0,0.0,5.0,0.0,2.0,3.628282,0.0,0.0,-0.9785,0.0,2.3406,6.0,-0.9785,-0.9785
1.0,15.0,6.0,107.0,23.0,0.0,0.0,10.0,0.0,2.0,2.928574,0.0,0.0,-0.3324,0.0,4.9659,6.0,-0.3324,-0.3324
1.0,16.0,3.0,110.0,22.0,0.7,0.0,1.0,0.0,2.0,1.300143,0.0,0.0,-0.4028,0.0,4.9912,12.0,5.880385307179586,5.880385307179586
1.0,16.0,6.0,113.0,22.0,0.7,0.0,5.0,0.0,2.0,1.908406,0.0,0.0,-0.0188,0.0,3.8916,12.0,6.2643853071795865,6.2643853071795865
1.0,16.0,9.0,116.0,22.0,0.7,0.0,1.0,0.0,2.0,2.357447,0.0,0.0,-0.9906,0.0,1.2918,12.0,5.2925853071795865,5.2925853071795865
1.0,16.0,12.0,119.0,22.0,0.7,0.0,5.0,0.0,2.0,1.866495,0.0,0.0,-1.4305,0.0,4.6447,12.0,4.852685307179586,4.852685307179586
1.0,16.0,12.0,119.0,22.0,0.7,0.0,10.0,0.0,2.0,0.712356,0.0,0.0,-1.8818,0.0,0.6441,12.0,4.401385307179586,4.401385307179586
1.0,17.0,3.0,122.0,25.0,0.5,0.0,1.0,0.0,2.0,1.260339,0.0,0.0,1.043,0.0,3.4644,12.0,7.326185307179586,7.326185307179586
1.0,17.0,6.0,125.0,25.0,0.5,0.0,5.0,0.0,2.0,6.881323,0.0,0.0,-2.3413,0.0,0.3459,12.0,3.9418853071795863,3.9418853071795863
1.0,17.0,9.0,128.0,25.0,0.5,0.0,1.0,0.0,2.0,4.89644,0.0,0.0,-3.077,0.0,2.714,12.0,3.2061853071795863,3.2061853071795863
1.0,17.0,12.0,131.0,25.0,0.5,0.0,5.0,0.0,2.0,1.218818,0.0,0.0,-0.4744,0.0,3.9636,12.0,5.808785307179586,5.808785307179586
1.0,17.0,12.0,131.0,25.0,0.5,0.0,10.0,0.0,2.0,0.394978,0.0,0.0,-0.422,0.0,0.3921,12.0,5.8611853071795865,5.8611853071795865
1.0,18.0,3.0,134.0,16.0,0.9,0.0,1.0,0.0,2.0,6.118489,0.0,0.0,-3.1235,0.0,3.2199,6.0,3.1596853071795863,3.1596853071795863
1.0,18.0,6.0,137.0,16.0,0.9,0.0,5.0,0.0,2.0,2.417248,0.0,0.0,-1.5268,0.0,2.8206,6.0,4.7563853071795865,4.7563853071795865
1.0,18.0,6.0,137.0,16.0,0.9,0.0,10.0,0.0,2.0,0.4705,0.0,0.0,-0.1155,0.0,2.1533,6.0,6.167685307179586,6.167685307179586
1.0,19.0,3.0,140.0,5.0,0.5,0.0,1.0,0.0,2.0,3.064837,0.0,0.0,0.4866,0.0,4.1212,9.0,0.4866,0.4866
1.0,19.0,6.0,143.0,5.0,0.5,0.0,5.0,0.0,2.0,1.66522,0.0,0.0,-2.2245,0.0,3.421,9.0,0.9170926535897932,0.9170926535897932
1.0,19.0,9.0,146.0,5.0,0.5,0.0,1.0,0.0,2.0,4.510062,0.0,0.0,-0.7065,0.0,4.3858,9.0,-0.7065,-0.7065
1.0,19.0,9.0,146.0,5.0,0.5,0.0,10.0,0.0,2.0,0.706937,0.0,0.0,2.4576,0.0,4.9448,9.0,2.4576,2.4576
1.0,20.0,3.0,149.0,24.0,0.9,0.0,1.0,0.0,2.0,1.1259,0.0,0.0,-0.8963,0.0,3.9629,3.0,5.386885307179586,5.386885307179586
1.0,20.0,3.0,149.0,24.0,0.9,0.0,10.0,0.0,2.0,0.458385,0.0,0.0,1.1185,0.0,4.5937,3.0,7.401685307179586,7.401685307179586
1.0,21.0,3.0,152.0,12.0,0.5,0.0,1.0,0.0,2.0,3.565898,0.0,0.0,-1.1027,0.0,4.3846,12.0,5.180485307179586,5.180485307179586
1.0,21.0,6.0,155.0,12.0,0.5,0.0,5.0,0.0,2.0,1.732223,0.0,0.0,-2.7305,0.0,2.9227,12.0,3.552685307179586,3.552685307179586
1.0,21.0,9.0,158.0,12.0,0.5,0.0,1.0,0.0,2.0,1.406057,0.0,0.0,1.0648,0.0,6.0092,12.0,1.0648,1.0648
1.0,21.0,12.0,161.0,12.0,0.5,0.0,5.0,0.0,2.0,1.237544,0.0,0.0,2.8378,0.0,3.2209,12.0,2.8378,2.8378
1.0,21.0,12.0,161.0,12.0,0.5,0.0,10.0,0.0,2.0,0.117234,0.0,0.0,2.0159,0.0,2.4588,12.0,2.0159,2.0159
1.0,22.0,3.0,164.0,10.0,0.3,0.0,1.0,0.0,2.0,1.57009,0.0,0.0,1.2615,0.0,2.0386,9.0,1.2615,1.2615
1.0,22.0,6.0,167.0,10.0,0.3,0.0,5.0,0.0,2.0,1.61825,0.0,0.0,0.3747,0.0,3.2711,9.0,0.3747,0.3747
1.0,22.0,9.0,170.0,10.0,0.3,0.0,1.0,0.0,2.0,1.209268,0.0,0.0,-2.3092,0.0,4.284,9.0,0.832392653589793,0.832392653589793
1.0,22.0,9.0,170.0,10.0,0.3,0.0,10.0,0.0,2.0,1.660199,0.0,0.0,0.7364,0.0,4.9563,9.0,0.7364,0.7364
1.0,23.0,3.0,173.0,2.0,0.9,0.0,1.0,0.0,2.0,4.334833,0.0,0.0,-0.907,0.0,3.4478,12.0,-0.907,-0.907
1.0,23.0,6.0,176.0,2.0,0.9,0.0,5.0,0.0,2.0,2.288287,0.0,0.0,2.2213,0.0,3.3392,12.0,2.2213,2.2213
1.0,23.0,9.0,179.0,2.0,0.9,0.0,1.0,0.0,2.0,3.563926,0.0,0.0,-0.6838,0.0,4.5297,12.0,-0.6838,-0.6838
1.0,23.0,12.0,182.0,2.0,0.9,0.0,5.0,0.0,2.0,1.067027,0.0,0.0,1.0261,0.0,4.4382,12.0,1.0261,1.0261
1.0,23.0,12.0,182.0,2.0,0.9,0.0,10.0,0.0,2.0,0.514268,0.0,0.0,2.3487,0.0,3.4431,12.0,2.3487,2.3487
1.0,24.0,3.0,185.0,20.0,0.5,0.0,1.0,0.0,2.0,1.004858,0.0,0.0,-2.8284,0.0,5.1181,6.0,3.4547853071795864,3.4547853071795864
1.0,24.0,6.0,188.0,20.0,0.5,0.0,5.0,0.0,2.0,2.34885,0.0,0.0,-1.0345,0.0,0.9002,6.0,5.248685307179587,5.248685307179587
1.0,24.0,6.0,188.0,20.0,0.5,0.0,10.0,0.0,2.0,0.258663,0.0,0.0,1.9088,0.0,4.1166,6.0,5.050392653589793,5.050392653589793
1.0,25.0,3.0,191.0,17.0,0.3,0.0,1.0,0.0,2.0,3.700172,0.0,0.0,1.4123,0.0,1.4342,12.0,7.695485307179586,7.695485307179586
1.0,25.0,6.0,194.0,17.0,0.3,0.0,5.0,0.0,2.0,3.043386,0.0,0.0,0.2955,0.0,3.6094,12.0,6.578685307179586,6.578685307179586
1.0,25.0,9.0,197.0,17.0,0.3,0.0,1.0,0.0,2.0,3.220527,0.0,0.0,1.1892,0.0,1.1956,12.0,7.472385307179586,7.472385307179586
1.0,25.0,12.0,200.0,17.0,0.3,0.0,5.0,0.0,2.0,0.851814,0.0,0.0,-0.8004,0.0,3.0924,12.0,5.4827853071795865,5.4827853071795865
1.0,25.0,12.0,200.0,17.0,0.3,0.0,10.0,0.0,2.0,0.049385,0.0,0.0,0.5179,0.0,5.9571,12.0,6.801085307179586,6.801085307179586
2.0,1.0,20.0,20.0,1.0,0.0,0.0,10.0,0.0,2.0,1.953132,0.0,0.0,1.2864,0.0,0.5091,20.0,1.2864,1.2864
2.0,2.0,3.0,23.0,23.0,0.0,0.0,1.0,0.0,2.0,0.866574,0.0,0.0,2.2171,0.0,0.5368,6.0,-0.9244926535897933,-0.9244926535897933
2.0,2.0,6.0,26.0,23.0,0.0,0.0,5.0,0.0,2.0,0.958476,0.0,0.0,-0.7066,0.0,0.4053,6.0,-0.7066,-0.7066
2.0,2.0,6.0,26.0,23.0,0.0,0.0,10.0,0.0,2.0,0.562205,0.0,0.0,0.1946,0.0,1.0498,6.0,0.1946,0.1946
2.0,3.0,3.0,29.0,10.0,0.3,0.0,1.0,0.0,2.0,0.771044,0.0,0.0,2.1303,0.0,2.5636,9.0,2.1303,2.1303
2.0,3.0,6.0,32.0,10.0,0.3,0.0,5.0,0.0,2.0,1.618462,0.0,0.0,2.0476,0.0,1.7854,9.0,2.0476,2.0476
2.0,3.0,9.0,35.0,10.0,0.3,0.0,1.0,0.0,2.0,0.947437,0.0,0.0,2.3793,0.0,2.2971,9.0,2.3793,2.3793
2.0,3.0,9.0,35.0,10.0,0.3,0.0,10.0,0.0,2.0,0.507521,0.0,0.0,2.6575,0.0,2.4717,9.0,2.6575,2.6575
2.0,4.0,3.0,38.0,16.0,0.9,0.0,1.0,0.0,2.0,1.822976,0.0,0.0,-2.2954,0.0,5.7732,6.0,3.9877853071795863,3.9877853071795863
2.0,4.0,6.0,41.0,16.0,0.9,0.0,5.0,0.0,2.0,1.223428,0.0,0.0,-2.007,0.0,5.9969,6.0,4.276185307179587,4.276185307179587
2.0,4.0,6.0,41.0,16.0,0.9,0.0,10.0,0.0,2.0,1.87628,0.0,0.0,-0.6223,0.0,6.0232,6.0,5.660885307179586,5.660885307179586
2.0,5.0,3.0,44.0,24.0,0.9,0.0,1.0,0.0,2.0,0.750582,0.0,0.0,0.0114,0.0,5.917,3.0,6.294585307179586,6.294585307179586
2.0,5.0,3.0,44.0,24.0,0.9,0.0,10.0,0.0,2.0,0.595983,0.0,0.0,0.6683,0.0,6.0056,3.0,6.951485307179587,6.951485307179587
2.0,6.0,3.0,47.0,4.0,0.0,0.0,1.0,0.0,2.0,0.282026,0.0,0.0,-2.8526,0.0,0.2902,3.0,0.2889926535897933,0.2889926535897933
2.0,6.0,3.0,47.0,4.0,0.0,0.0,10.0,0.0,2.0,0.473943,0.0,0.0,0.0598,0.0,0.8812,3.0,0.0598,0.0598
2.0,7.0,3.0,50.0,11.0,0.9,0.0,1.0,0.0,2.0,1.215923,0.0,0.0,2.0513,0.0,5.7736,3.0,2.0513,2.0513
2.0,7.0,3.0,50.0,11.0,0.9,0.0,10.0,0.0,2.0,0.479117,0.0,0.0,1.6817,0.0,5.9078,3.0,1.6817,1.6817
2.0,8.0,3.0,53.0,5.0,0.5,0.0,1.0,0.0,2.0,0.568704,0.0,0.0,0.6067,0.0,3.2304,9.0,0.6067,0.6067
2.0,8.0,6.0,56.0,5.0,0.5,0.0,5.0,0.0,2.0,0.899972,0.0,0.0,1.0264,0.0,1.2919,9.0,1.0264,1.0264
2.0,8.0,9.0,59.0,5.0,0.5,0.0,1.0,0.0,2.0,2.388673,0.0,0.0,1.0036,0.0,2.7008,9.0,1.0036,1.0036
2.0,8.0,9.0,59.0,5.0,0.5,0.0,10.0,0.0,2.0,1.040431,0.0,0.0,-0.0125,0.0,2.9999,9.0,-0.0125,-0.0125
2.0,9.0,3.0,62.0,3.0,0.7,0.0,1.0,0.0,2.0,0.959513,0.0,0.0,-0.0708,0.0,4.9969,12.0,-0.0708,-0.0708
2.0,9.0,6.0,65.0,3.0,0.7,0.0,5.0,0.0,2.0,3.437965,0.0,0.0,-0.8133,0.0,3.0525,12.0,-0.8133,-0.8133
2.0,9.0,9.0,68.0,3.0,0.7,0.0,1.0,0.0,2.0,1.245151,0.0,0.0,0.816,0.0,4.5101,12.0,0.816,0.816
2.0,9.0,12.0,71.0,3.0,0.7,0.0,5.0,0.0,2.0,18.243733,0.0,0.0,-0.4279,0.0,2.9168,12.0,-0.4279,-0.4279
2.0,9.0,12.0,71.0,3.0,0.7,0.0,10.0,0.0,2.0,1.38914,0.0,0.0,0.4486,0.0,4.2468,12.0,0.4486,0.4486
2.0,10.0,3.0,74.0,12.0,0.5,0.0,1.0,0.0,2.0,0.754026,0.0,0.0,2.1375,0.0,0.098,12.0,2.1375,2.1375
2.0,10.0,6.0,77.0,12.0,0.5,0.0,5.0,0.0,2.0,1.220328,0.0,0.0,-2.3445,0.0,3.647,12.0,3.938685307179586,3.938685307179586
2.0,10.0,9.0,80.0,12.0,0.5,0.0,1.0,0.0,2.0,1.404076,0.0,0.0,3.0925,0.0,2.9129,12.0,3.0925,3.0925
2.0,10.0,12.0,83.0,12.0,0.5,0.0,5.0,0.0,2.0,1.486966,0.0,0.0,-2.9554,0.0,4.7508,12.0,3.327785307179586,3.327785307179586
2.0,10.0,12.0,83.0,12.0,0.5,0.0,10.0,0.0,2.0,0.94375,0.0,0.0,-3.1199,0.0,4.5043,12.0,3.1632853071795863,3.1632853071795863
2.0,11.0,3.0,86.0,25.0,0.5,0.0,1.0,0.0,2.0,3.517929,0.0,0.0,0.2421,0.0,3.1672,12.0,6.525285307179586,6.525285307179586
2.0,11.0,6.0,89.0,25.0,0.5,0.0,5.0,0.0,2.0,7.258592,0.0,0.0,-0.1484,0.0,3.6107,12.0,6.134785307179587,6.134785307179587
2.0,11.0,9.0,92.0,25.0,0.5,0.0,1.0,0.0,2.0,1.26386,0.0,0.0,-0.4782,0.0,3.9374,12.0,5.804985307179586,5.804985307179586
2.0,11.0,12.0,95.0,25.0,0.5,0.0,5.0,0.0,2.0,0.880769,0.0,0.0,-0.782,0.0,3.1683,12.0,5.501185307179586,5.501185307179586
2.0,11.0,12.0,95.0,25.0,0.5,0.0,10.0,0.0,2.0,0.659947,0.0,0.0,-1.3337,0.0,2.5291,12.0,4.949485307179586,4.949485307179586
2.0,12.0,3.0,98.0,19.0,0.3,0.0,1.0,0.0,2.0,2.04362,0.0,0.0,-2.6448,0.0,2.1294,3.0,3.638385307179586,3.638385307179586
2.0,12.0,3.0,98.0,19.0,0.3,0.0,10.0,0.0,2.0,0.631524,0.0,0.0,-2.891,0.0,2.2738,3.0,3.392185307179586,3.392185307179586
2.0,13.0,3.0,101.0,9.0,0.0,0.0,1.0,0.0,2.0,3.545092,0.0,0.0,0.1599,0.0,0.2361,6.0,0.1599,0.1599
2.0,13.0,6.0,104.0,9.0,0.0,0.0,5.0,0.0,2.0,4.136663,0.0,0.0,1.6213,0.0,0.7452,6.0,0.050503673205103405,0.050503673205103405
2.0,13.0,6.0,104.0,9.0,0.0,0.0,10.0,0.0,2.0,0.924297,0.0,0.0,0.1468,0.0,0.874,6.0,0.1468,0.1468
2.0,14.0,3.0,107.0,6.0,0.3,0.0,1.0,0.0,2.0,0.708369,0.0,0.0,0.8625,0.0,2.2074,6.0,0.8625,0.8625
2.0,14.0,6.0,110.0,6.0,0.3,0.0,5.0,0.0,2.0,0.955726,0.0,0.0,0.968,0.0,0.7028,6.0,0.968,0.968
2.0,14.0,6.0,110.0,6.0,0.3,0.0,10.0,0.0,2.0,0.404617,0.0,0.0,2.5637,0.0,1.0322,6.0,2.5637,2.5637
2.0,15.0,3.0,113.0,14.0,0.0,0.0,1.0,0.0,2.0,3.135554,0.0,0.0,-0.1384,0.0,0.5996,9.0,-0.1384,-0.1384
2.0,15.0,6.0,116.0,14.0,0.0,0.0,5.0,0.0,2.0,3.26986,0.0,0.0,1.7788,0.0,0.8375,9.0,-1.3627926535897932,-1.3627926535897932
2.0,15.0,9.0,119.0,14.0,0.0,0.0,1.0,0.0,2.0,6.624531,0.0,0.0,1.6345,0.0,0.3541,9.0,-1.507092653589793,-1.507092653589793
2.0,15.0,9.0,119.0,14.0,0.0,0.0,10.0,0.0,2.0,0.514975,0.0,0.0,-2.1864,0.0,0.3775,9.0,0.9551926535897932,0.9551926535897932
2.0,16.0,3.0,122.0,18.0,0.7,0.0,1.0,0.0,2.0,0.653873,0.0,0.0,-1.3138,0.0,4.4074,9.0,4.969385307179586,4.969385307179586
2.0,16.0,6.0,125.0,18.0,0.7,0.0,5.0,0.0,2.0,1.958897,0.0,0.0,-1.9671,0.0,4.3436,9.0,4.316085307179586,4.316085307179586
2.0,16.0,9.0,128.0,18.0,0.7,0.0,1.0,0.0,2.0,1.521571,0.0,0.0,-1.6092,0.0,4.8978,9.0,4.673985307179587,4.673985307179587
2.0,16.0,9.0,128.0,18.0,0.7,0.0,10.0,0.0,2.0,0.68741,0.0,0.0,-1.2851,0.0,4.3487,9.0,4.998085307179586,4.998085307179586
2.0,17.0,3.0,131.0,2.0,0.9,0.0,1.0,0.0,2.0,0.257111,0.0,0.0,0.0342,0.0,4.6112,12.0,0.0342,0.0342
2.0,17.0,6.0,134.0,2.0,0.9,0.0,5.0,0.0,2.0,1.109204,0.0,0.0,0.1321,0.0,5.195,12.0,0.1321,0.1321
2.0,17.0,9.0,137.0,2.0,0.9,0.0,1.0,0.0,2.0,0.845866,0.0,0.0,-0.2837,0.0,5.8811,12.0,-0.2837,-0.2837
2.0,17.0,12.0,140.0,2.0,0.9,0.0,5.0,0.0,2.0,0.322067,0.0,0.0,-0.168,0.0,4.7201,12.0,-0.168,-0.168
2.0,17.0,12.0,140.0,2.0,0.9,0.0,10.0,0.0,2.0,0.492116,0.0,0.0,0.0697,0.0,3.7756,12.0,0.0697,0.0697
2.0,18.0,3.0,143.0,13.0,0.7,0.0,1.0,0.0,2.0,1.212247,0.0,0.0,2.993,0.0,4.1125,6.0,2.993,2.993
2.0,18.0,6.0,146.0,13.0,0.7,0.0,5.0,0.0,2.0,0.902603,0.0,0.0,2.6562,0.0,2.6264,6.0,2.6562,2.6562
2.0,18.0,6.0,146.0,13.0,0.7,0.0,10.0,0.0,2.0,1.359028,0.0,0.0,1.6996,0.0,6.0267,6.0,1.6996,1.6996
2.0,19.0,3.0,149.0,22.0,0.7,0.0,1.0,0.0,2.0,0.835011,0.0,0.0,-0.5284,0.0,4.5181,12.0,5.754785307179587,5.754785307179587
2.0,19.0,6.0,152.0,22.0,0.7,0.0,5.0,0.0,2.0,4.056919,0.0,0.0,-0.6343,0.0,5.3665,12.0,5.648885307179587,5.648885307179587
2.0,19.0,9.0,155.0,22.0,0.7,0.0,1.0,0.0,2.0,1.538483,0.0,0.0,-0.9791,0.0,3.9763,12.0,5.304085307179586,5.304085307179586
2.0,19.0,12.0,158.0,22.0,0.7,0.0,5.0,0.0,2.0,0.377348,0.0,0.0,-1.0885,0.0,3.4199,12.0,5.194685307179586,5.194685307179586
2.0,19.0,12.0,158.0,22.0,0.7,0.0,10.0,0.0,2.0,0.899841,0.0,0.0,-1.5983,0.0,4.0988,12.0,4.684885307179586,4.684885307179586
2.0,20.0,3.0,161.0,21.0,0.3,0.0,1.0,0.0,2.0,0.279115,0.0,0.0,-1.4732,0.0,1.7751,9.0,4.809985307179586,4.809985307179586
2.0,20.0,6.0,164.0,21.0,0.3,0.0,5.0,0.0,2.0,0.959743,0.0,0.0,1.7682,0.0,0.0383,9.0,4.909792653589793,4.909792653589793
2.0,20.0,9.0,167.0,21.0,0.3,0.0,1.0,0.0,2.0,0.929751,0.0,0.0,-2.3354,0.0,0.5104,9.0,3.9477853071795863,3.9477853071795863
2.0,20.0,9.0,167.0,21.0,0.3,0.0,10.0,0.0,2.0,0.684303,0.0,0.0,-2.866,0.0,1.1328,9.0,3.417185307179586,3.417185307179586
2.0,21.0,3.0,170.0,15.0,0.5,0.0,1.0,0.0,2.0,2.558869,0.0,0.0,-2.746,0.0,3.4137,3.0,3.5371853071795862,3.5371853071795862
2.0,21.0,3.0,170.0,15.0,0.5,0.0,10.0,0.0,2.0,0.345746,0.0,0.0,-2.9937,0.0,3.2151,3.0,3.289485307179586,3.289485307179586
2.0,22.0,3.0,173.0,17.0,0.3,0.0,1.0,0.0,2.0,2.410941,0.0,0.0,-1.574,0.0,2.3682,12.0,4.709185307179586,4.709185307179586
2.0,22.0,6.0,176.0,17.0,0.3,0.0,5.0,0.0,2.0,0.585553,0.0,0.0,-2.9605,0.0,0.5426,12.0,3.322685307179586,3.322685307179586
2.0,22.0,9.0,179.0,17.0,0.3,0.0,1.0,0.0,2.0,2.200682,0.0,0.0,-2.1082,0.0,0.8664,12.0,4.174985307179586,4.174985307179586
2.0,22.0,12.0,182.0,17.0,0.3,0.0,5.0,0.0,2.0,2.57711,0.0,0.0,-1.7426,0.0,0.9233,12.0,4.540585307179587,4.540585307179587
2.0,22.0,12.0,182.0,17.0,0.3,0.0,10.0,0.0,2.0,1.225764,0.0,0.0,-0.3852,0.0,2.7014,12.0,5.897985307179586,5.897985307179586
2.0,23.0,3.0,185.0,8.0,0.7,0.0,1.0,0.0,2.0,0.902053,0.0,0.0,1.587,0.0,5.1053,3.0,1.587,1.587
2.0,23.0,3.0,185.0,8.0,0.7,0.0,10.0,0.0,2.0,0.422178,0.0,0.0,1.1377,0.0,5.1767,3.0,1.1377,1.1377
2.0,24.0,3.0,188.0,20.0,0.5,0.0,1.0,0.0,2.0,2.32685,0.0,0.0,-1.7231,0.0,1.6353,6.0,4.560085307179586,4.560085307179586
2.0,24.0,6.0,191.0,20.0,0.5,0.0,5.0,0.0,2.0,3.953792,0.0,0.0,-1.1734,0.0,2.8944,6.0,5.109785307179586,5.109785307179586
2.0,24.0,6.0,191.0,20.0,0.5,0.0,10.0,0.0,2.0,2.170826,0.0,0.0,-1.1316,0.0,1.7858,6.0,5.1515853071795865,5.1515853071795865
2.0,25.0,3.0,194.0,7.0,0.9,0.0,1.0,0.0,2.0,2.62941,0.0,0.0,1.3536,0.0,3.8725,9.0,1.3536,1.3536
2.0,25.0,6.0,197.0,7.0,0.9,0.0,5.0,0.0,2.0,0.176414,0.0,0.0,1.2644,0.0,3.4143,9.0,1.2644,1.2644
2.0,25.0,9.0,200.0,7.0,0.9,0.0,1.0,0.0,2.0,4.139986,0.0,0.0,1.6487,0.0,5.3162,9.0,1.6487,1.6487
2.0,25.0,9.0,200.0,7.0,0.9,0.0,10.0,0.0,2.0,1.904141,0.0,0.0,1.4338,0.0,5.2288,9.0,1.4338,1.4338
3.0,1.0,20.0,20.0,1.0,0.0,0.0,10.0,0.0,2.0,0.767001,0.0,0.0,2.7714,0.0,0.5246,20.0,1.2006036732051033,1.2006036732051033
3.0,2.0,3.0,23.0,11.0,0.9,0.0,1.0,0.0,2.0,0.72983,0.0,0.0,1.9492,0.0,5.9077,3.0,1.9492,1.9492
3.0,2.0,3.0,23.0,11.0,0.9,0.0,10.0,0.0,2.0,0.79646,0.0,0.0,-1.0048,0.0,5.6219,3.0,-1.0048,-1.0048
3.0,3.0,3.0,26.0,16.0,0.9,0.0,1.0,0.0,2.0,1.618855,0.0,0.0,-2.5723,0.0,4.5503,6.0,3.7108853071795864,3.7108853071795864
3.0,3.0,6.0,29.0,16.0,0.9,0.0,5.0,0.0,2.0,1.567088,0.0,0.0,-2.4778,0.0,4.3839,6.0,3.8053853071795865,3.8053853071795865
3.0,3.0,6.0,29.0,16.0,0.9,0.0,10.0,0.0,2.0,1.192316,0.0,0.0,3.0508,0.0,4.6694,6.0,6.192392653589794,6.192392653589794
3.0,4.0,3.0,32.0,15.0,0.5,0.0,1.0,0.0,2.0,1.889636,0.0,0.0,-2.997,0.0,1.9254,3.0,3.2861853071795863,3.2861853071795863
3.0,4.0,3.0,32.0,15.0,0.5,0.0,10.0,0.0,2.0,1.21121,0.0,0.0,1.8158,0.0,0.3913,3.0,4.957392653589793,4.957392653589793
3.0,5.0,3.0,35.0,21.0,0.3,0.0,1.0,0.0,2.0,3.342373,0.0,0.0,-0.6093,0.0,3.0357,9.0,5.673885307179586,5.673885307179586
3.0,5.0,6.0,38.0,21.0,0.3,0.0,5.0,0.0,2.0,1.179912,0.0,0.0,-1.2805,0.0,4.7694,9.0,5.002685307179586,5.002685307179586
3.0,5.0,9.0,41.0,21.0,0.3,0.0,1.0,0.0,2.0,0.987681,0.0,0.0,1.4056,0.0,0.0444,9.0,7.688785307179586,7.688785307179586
3.0,5.0,9.0,41.0,21.0,0.3,0.0,10.0,0.0,2.0,0.805636,0.0,0.0,3.0918,0.0,5.2845,9.0,6.233392653589793,6.233392653589793
3.0,6.0,3.0,44.0,13.0,0.7,0.0,1.0,0.0,2.0,1.688304,0.0,0.0,-3.07,0.0,2.042,6.0,3.2131853071795864,3.2131853071795864
3.0,6.0,6.0,47.0,13.0,0.7,0.0,5.0,0.0,2.0,2.863498,0.0,0.0,2.7695,0.0,0.3213,6.0,2.7695,2.7695
3.0,6.0,6.0,47.0,13.0,0.7,0.0,10.0,0.0,2.0,0.558822,0.0,0.0,1.0535,0.0,0.4871,6.0,1.0535,1.0535
3.0,7.0,3.0,50.0,23.0,0.0,0.0,1.0,0.0,2.0,0.738983,0.0,0.0,-1.2734,0.0,0.4734,6.0,-1.2734,-1.2734
3.0,7.0,6.0,53.0,23.0,0.0,0.0,5.0,0.0,2.0,1.132818,0.0,0.0,-0.5099,0.0,2.7518,6.0,-0.5099,-0.5099
3.0,7.0,6.0,53.0,23.0,0.0,0.0,10.0,0.0,2.0,0.162388,0.0,0.0,-3.0511,0.0,5.4903,6.0,0.09049265358979319,0.09049265358979319
3.0,8.0,3.0,56.0,8.0,0.7,0.0,1.0,0.0,2.0,1.06259,0.0,0.0,1.3078,0.0,4.1278,3.0,1.3078,1.3078
3.0,8.0,3.0,56.0,8.0,0.7,0.0,10.0,0.0,2.0,0.946095,0.0,0.0,3.0955,0.0,5.3859,3.0,3.0955,3.0955
3.0,9.0,3.0,59.0,2.0,0.9,0.0,1.0,0.0,2.0,1.440851,0.0,0.0,-0.3647,0.0,6.1809,12.0,-0.3647,-0.3647
3.0,9.0,6.0,62.0,2.0,0.9,0.0,5.0,0.0,2.0,2.585326,0.0,0.0,1.5649,0.0,6.1614,12.0,1.5649,1.5649
3.0,9.0,9.0,65.0,2.0,0.9,0.0,1.0,0.0,2.0,0.544073,0.0,0.0,0.0724,0.0,5.4529,12.0,0.0724,0.0724
3.0,9.0,12.0,68.0,2.0,0.9,0.0,5.0,0.0,2.0,0.895887,0.0,0.0,-0.4701,0.0,5.6089,12.0,-0.4701,-0.4701
3.0,9.0,12.0,68.0,2.0,0.9,0.0,10.0,0.0,2.0,0.921841,0.0,0.0,-1.5563,0.0,5.5487,12.0,-1.5563,-1.5563
3.0,10.0,3.0,71.0,19.0,0.3,0.0,1.0,0.0,2.0,0.894581,0.0,0.0,-1.5292,0.0,2.981,3.0,4.753985307179587,4.753985307179587
3.0,10.0,3.0,71.0,19.0,0.3,0.0,10.0,0.0,2.0,0.898129,0.0,0.0,-1.5667,0.0,5.3291,3.0,4.716485307179586,4.716485307179586
3.0,11.0,3.0,74.0,10.0,0.3,0.0,1.0,0.0,2.0,0.638488,0.0,0.0,3.0202,0.0,2.1695,9.0,3.0202,3.0202
3.0,11.0,6.0,77.0,10.0,0.3,0.0,5.0,0.0,2.0,0.819673,0.0,0.0,2.4051,0.0,0.739,9.0,2.4051,2.4051
3.0,11.0,9.0,80.0,10.0,0.3,0.0,1.0,0.0,2.0,1.364942,0.0,0.0,2.9972,0.0,2.0287,9.0,2.9972,2.9972
3.0,11.0,9.0,80.0,10.0,0.3,0.0,10.0,0.0,2.0,1.46856,0.0,0.0,1.6407,0.0,0.7318,9.0,1.6407,1.6407
3.0,12.0,3.0,83.0,18.0,0.7,0.0,1.0,0.0,2.0,1.078306,0.0,0.0,-2.0538,0.0,4.3853,9.0,4.229385307179586,4.229385307179586
3.0,12.0,6.0,86.0,18.0,0.7,0.0,5.0,0.0,2.0,2.219866,0.0,0.0,-2.7923,0.0,4.7781,9.0,3.4908853071795862,3.4908853071795862
3.0,12.0,9.0,89.0,18.0,0.7,0.0,1.0,0.0,2.0,0.680153,0.0,0.0,-0.928,0.0,4.1041,9.0,5.355185307179586,5.355185307179586
3.0,12.0,9.0,89.0,18.0,0.7,0.0,10.0,0.0,2.0,0.412607,0.0,0.0,2.4038,0.0,0.3256,9.0,5.5453926535897935,5.5453926535897935
3.0,13.0,3.0,92.0,20.0,0.5,0.0,1.0,0.0,2.0,1.3322,0.0,0.0,-0.9604,0.0,4.0625,6.0,5.322785307179586,5.322785307179586
3.0,13.0,6.0,95.0,20.0,0.5,0.0,5.0,0.0,2.0,1.191938,0.0,0.0,-1.6416,0.0,3.8202,6.0,4.641585307179586,4.641585307179586
3.0,13.0,6.0,95.0,20.0,0.5,0.0,10.0,0.0,2.0,2.370029,0.0,0.0,3.0488,0.0,0.3153,6.0,6.190392653589793,6.190392653589793
3.0,14.0,3.0,98.0,25.0,0.5,0.0,1.0,0.0,2.0,3.90453,0.0,0.0,-0.138,0.0,3.9283,12.0,6.145185307179586,6.145185307179586
3.0,14.0,6.0,101.0,25.0,0.5,0.0,5.0,0.0,2.0,2.21798,0.0,0.0,1.7335,0.0,4.9122,12.0,4.875092653589793,4.875092653589793
3.0,14.0,9.0,104.0,25.0,0.5,0.0,1.0,0.0,2.0,1.810034,0.0,0.0,0.0769,0.0,3.4193,12.0,6.360085307179586,6.360085307179586
3.0,14.0,12.0,107.0,25.0,0.5,0.0,5.0,0.0,2.0,2.425893,0.0,0.0,3.0557,0.0,5.4441,12.0,6.197292653589793,6.197292653589793
3.0,14.0,12.0,107.0,25.0,0.5,0.0,10.0,0.0,2.0,0.419212,0.0,0.0,1.4208,0.0,0.6349,12.0,7.703985307179586,7.703985307179586
3.0,15.0,3.0,110.0,17.0,0.3,0.0,1.0,0.0,2.0,1.31851,0.0,0.0,-2.6838,0.0,0.5615,12.0,3.599385307179586,3.599385307179586
3.0,15.0,6.0,113.0,17.0,0.3,0.0,5.0,0.0,2.0,1.451499,0.0,0.0,-3.1361,0.0,5.2927,12.0,3.1470853071795863,3.1470853071795863
3.0,15.0,9.0,116.0,17.0,0.3,0.0,1.0,0.0,2.0,1.025423,0.0,0.0,-2.6224,0.0,0.6474,12.0,3.6607853071795864,3.6607853071795864
3.0,15.0,12.0,119.0,17.0,0.3,0.0,5.0,0.0,2.0,1.862133,0.0,0.0,1.7796,0.0,0.8805,12.0,4.921192653589793,4.921192653589793
3.0,15.0,12.0,119.0,17.0,0.3,0.0,10.0,0.0,2.0,1.323161,0.0,0.0,3.0941,0.0,5.2255,12.0,6.235692653589793,6.235692653589793
3.0,16.0,3.0,122.0,14.0,0.0,0.0,1.0,0.0,2.0,5.537249,0.0,0.0,1.437,0.0,0.383,9.0,1.437,1.437
3.0,16.0,6.0,125.0,14.0,0.0,0.0,5.0,0.0,2.0,0.751753,0.0,0.0,-0.8885,0.0,0.1505,9.0,-0.8885,-0.8885
3.0,16.0,9.0,128.0,14.0,0.0,0.0,1.0,0.0,2.0,0.845592,0.0,0.0,-0.7163,0.0,0.8227,9.0,-0.7163,-0.7163
3.0,16.0,9.0,128.0,14.0,0.0,0.0,10.0,0.0,2.0,0.742722,0.0,0.0,2.422,0.0,0.8639,9.0,-0.719592653589793,-0.719592653589793
3.0,17.0,3.0,131.0,22.0,0.7,0.0,1.0,0.0,2.0,0.751385,0.0,0.0,-0.8993,0.0,5.3151,12.0,5.383885307179586,5.383885307179586
3.0,17.0,6.0,134.0,22.0,0.7,0.0,5.0,0.0,2.0,1.237588,0.0,0.0,-0.3096,0.0,4.7443,12.0,5.973585307179587,5.973585307179587
3.0,17.0,9.0,137.0,22.0,0.7,0.0,1.0,0.0,2.0,1.208224,0.0,0.0,-0.7103,0.0,4.7469,12.0,5.572885307179586,5.572885307179586
3.0,17.0,12.0,140.0,22.0,0.7,0.0,5.0,0.0,2.0,2.349547,0.0,0.0,-1.5942,0.0,5.9293,12.0,4.688985307179586,4.688985307179586
3.0,17.0,12.0,140.0,22.0,0.7,0.0,10.0,0.0,2.0,0.17975,0.0,0.0,2.2143,0.0,0.1825,12.0,5.355892653589793,5.355892653589793
3.0,18.0,3.0,143.0,5.0,0.5,0.0,1.0,0.0,2.0,0.825577,0.0,0.0,1.6344,0.0,3.1015,9.0,1.6344,1.6344
3.0,18.0,6.0,146.0,5.0,0.5,0.0,5.0,0.0,2.0,1.442818,0.0,0.0,0.3913,0.0,6.0097,9.0,0.3913,0.3913
3.0,18.0,9.0,149.0,5.0,0.5,0.0,1.0,0.0,2.0,3.316631,0.0,0.0,0.9614,0.0,3.6858,9.0,0.9614,0.9614
3.0,18.0,9.0,149.0,5.0,0.5,0.0,10.0,0.0,2.0,0.918233,0.0,0.0,3.0588,0.0,5.8236,9.0,3.0588,3.0588
3.0,19.0,3.0,152.0,4.0,0.0,0.0,1.0,0.0,2.0,0.738069,0.0,0.0,-1.7842,0.0,0.4482,3.0,1.357392653589793,1.357392653589793
3.0,19.0,3.0,152.0,4.0,0.0,0.0,10.0,0.0,2.0,0.222307,0.0,0.0,-1.7842,0.0,0.4482,3.0,1.357392653589793,1.357392653589793
3.0,20.0,3.0,155.0,3.0,0.7,0.0,1.0,0.0,2.0,0.742657,0.0,0.0,0.4105,0.0,4.9759,12.0,0.4105,0.4105
3.0,20.0,6.0,158.0,3.0,0.7,0.0,5.0,0.0,2.0,2.978228,0.0,0.0,2.755,0.0,0.8906,12.0,2.755,2.755
3.0,20.0,9.0,161.0,3.0,0.7,0.0,1.0,0.0,2.0,0.608936,0.0,0.0,1.0683,0.0,5.0478,12.0,1.0683,1.0683
3.0,20.0,12.0,164.0,3.0,0.7,0.0,5.0,0.0,2.0,1.38989,0.0,0.0,-1.5554,0.0,4.2638,12.0,-1.5554,-1.5554
3.0,20.0,12.0,164.0,3.0,0.7,0.0,10.0,0.0,2.0,0.944916,0.0,0.0,0.717,0.0,0.3777,12.0,0.717,0.717
3.0,21.0,3.0,167.0,9.0,0.0,0.0,1.0,0.0,2.0,0.501684,0.0,0.0,0.1077,0.0,0.2717,6.0,0.1077,0.1077
3.0,21.0,6.0,170.0,9.0,0.0,0.0,5.0,0.0,2.0,1.206295,0.0,0.0,-0.9704,0.0,0.814,6.0,-0.9704,-0.9704
3.0,21.0,6.0,170.0,9.0,0.0,0.0,10.0,0.0,2.0,0.046453,0.0,0.0,0.9422,0.0,3.1409,6.0,0.9422,0.9422
3.0,22.0,3.0,173.0,6.0,0.3,0.0,1.0,0.0,2.0,1.160874,0.0,0.0,2.0344,0.0,3.281,6.0,2.0344,2.0344
3.0,22.0,6.0,176.0,6.0,0.3,0.0,5.0,0.0,2.0,0.711357,0.0,0.0,0.5855,0.0,3.197,6.0,0.5855,0.5855
3.0,22.0,6.0,176.0,6.0,0.3,0.0,10.0,0.0,2.0,0.413792,0.0,0.0,-0.4324,0.0,0.3136,6.0,-0.4324,-0.4324
3.0,23.0,3.0,179.0,12.0,0.5,0.0,1.0,0.0,2.0,0.271252,0.0,0.0,2.8909,0.0,2.1778,12.0,2.8909,2.8909
3.0,23.0,6.0,182.0,12.0,0.5,0.0,5.0,0.0,2.0,1.268177,0.0,0.0,2.5889,0.0,3.7825,12.0,2.5889,2.5889
3.0,23.0,9.0,185.0,12.0,0.5,0.0,1.0,0.0,2.0,0.321342,0.0,0.0,2.8588,0.0,2.6683,12.0,2.8588,2.8588
3.0,23.0,12.0,188.0,12.0,0.5,0.0,5.0,0.0,2.0,1.210298,0.0,0.0,-2.4067,0.0,3.3751,12.0,3.8764853071795864,3.8764853071795864
3.0,23.0,12.0,188.0,12.0,0.5,0.0,10.0,0.0,2.0,0.503403,0.0,0.0,3.0495,0.0,0.4765,12.0,3.0495,3.0495
3.0,24.0,3.0,191.0,24.0,0.9,0.0,1.0,0.0,2.0,1.926887,0.0,0.0,0.141,0.0,5.8175,3.0,6.424185307179586,6.424185307179586
3.0,24.0,3.0,191.0,24.0,0.9,0.0,10.0,0.0,2.0,1.506733,0.0,0.0,3.0145,0.0,5.6447,3.0,6.156092653589793,6.156092653589793
3.0,25.0,3.0,194.0,7.0,0.9,0.0,1.0,0.0,2.0,1.108007,0.0,0.0,1.2329,0.0,5.8805,9.0,1.2329,1.2329
3.0,25.0,6.0,197.0,7.0,0.9,0.0,5.0,0.0,2.0,1.931056,0.0,0.0,1.434,0.0,2.6233,9.0,1.434,1.434
3.0,25.0,9.0,200.0,7.0,0.9,0.0,1.0,0.0,2.0,0.884566,0.0,0.0,1.137,0.0,4.1513,9.0,1.137,1.137
3.0,25.0,9.0,200.0,7.0,0.9,0.0,10.0,0.0,2.0,0.584983,0.0,0.0,1.3854,0.0,0.3565,9.0,1.3854,1.3854
4.0,1.0,20.0,20.0,1.0,0.0,0.0,10.0,0.0,2.0,11.921293,0.0,0.0,-0.4566,0.0,0.4636,20.0,-0.4566,-0.4566
4.0,2.0,3.0,23.0,18.0,0.7,0.0,1.0,0.0,2.0,7.761465,0.0,0.0,-1.5578,0.0,3.9278,9.0,4.725385307179586,4.725385307179586
4.0,2.0,6.0,26.0,18.0,0.7,0.0,5.0,0.0,2.0,10.131897,0.0,0.0,-1.727,0.0,4.2714,9.0,4.556185307179586,4.556185307179586
4.0,2.0,9.0,29.0,18.0,0.7,0.0,1.0,0.0,2.0,2.766269,0.0,0.0,-1.492,0.0,4.174,9.0,4.791185307179586,4.791185307179586
4.0,2.0,9.0,29.0,18.0,0.7,0.0,10.0,0.0,2.0,5.438728,0.0,0.0,-1.8074,0.0,4.2052,9.0,4.475785307179587,4.475785307179587
4.0,3.0,3.0,32.0,13.0,0.7,0.0,1.0,0.0,2.0,3.973122,0.0,0.0,2.9968,0.0,3.2386,6.0,2.9968,2.9968
4.0,3.0,6.0,35.0,13.0,0.7,0.0,5.0,0.0,2.0,5.108737,0.0,0.0,2.8878,0.0,2.617,6.0,2.8878,2.8878
4.0,3.0,6.0,35.0,13.0,0.7,0.0,10.0,0.0,2.0,5.307952,0.0,0.0,2.9877,0.0,4.5728,6.0,2.9877,2.9877
4.0,4.0,3.0,38.0,4.0,0.0,0.0,1.0,0.0,2.0,2.213342,0.0,0.0,1.9907,0.0,0.4477,3.0,0.41990367320510336,0.41990367320510336
4.0,4.0,3.0,38.0,4.0,0.0,0.0,10.0,0.0,2.0,5.621039,0.0,0.0,-1.5264,0.0,3.1275,3.0,-1.5264,-1.5264
4.0,5.0,3.0,41.0,12.0,0.5,0.0,1.0,0.0,2.0,2.668062,0.0,0.0,2.8128,0.0,2.9388,12.0,2.8128,2.8128
4.0,5.0,6.0,44.0,12.0,0.5,0.0,5.0,0.0,2.0,9.656769,0.0,0.0,2.7906,0.0,1.6559,12.0,2.7906,2.7906
4.0,5.0,9.0,47.0,12.0,0.5,0.0,1.0,0.0,2.0,2.299037,0.0,0.0,2.8062,0.0,1.8631,12.0,2.8062,2.8062
4.0,5.0,12.0,50.0,12.0,0.5,0.0,5.0,0.0,2.0,4.93508,0.0,0.0,2.9913,0.0,1.8532,12.0,2.9913,2.9913
4.0,5.0,12.0,50.0,12.0,0.5,0.0,10.0,0.0,2.0,8.354964,0.0,0.0,1.6113,0.0,0.5407,12.0,1.6113,1.6113
4.0,6.0,3.0,53.0,7.0,0.9,0.0,1.0,0.0,2.0,5.59236,0.0,0.0,1.5662,0.0,4.7159,9.0,1.5662,1.5662
4.0,6.0,6.0,56.0,7.0,0.9,0.0,5.0,0.0,2.0,7.313364,0.0,0.0,1.5663,0.0,4.8473,9.0,1.5663,1.5663
4.0,6.0,9.0,59.0,7.0,0.9,0.0,1.0,0.0,2.0,10.008497,0.0,0.0,1.5845,0.0,4.8039,9.0,1.5845,1.5845
4.0,6.0,9.0,59.0,7.0,0.9,0.0,10.0,0.0,2.0,3.570278,0.0,0.0,0.1138,0.0,4.3718,9.0,0.1138,0.1138
4.0,7.0,3.0,62.0,11.0,0.9,0.0,1.0,0.0,2.0,2.693922,0.0,0.0,2.7022,0.0,4.7026,3.0,2.7022,2.7022
4.0,7.0,3.0,62.0,11.0,0.9,0.0,10.0,0.0,2.0,5.852014,0.0,0.0,2.6687,0.0,3.1734,3.0,2.6687,2.6687
4.0,8.0,3.0,65.0,10.0,0.3,0.0,1.0,0.0,2.0,3.946095,0.0,0.0,2.2424,0.0,4.0473,9.0,2.2424,2.2424
4.0,8.0,6.0,68.0,10.0,0.3,0.0,5.0,0.0,2.0,6.383707,0.0,0.0,2.2056,0.0,3.6809,9.0,2.2056,2.2056
4.0,8.0,9.0,71.0,10.0,0.3,0.0,1.0,0.0,2.0,0.985598,0.0,0.0,2.2745,0.0,3.7342,9.0,2.2745,2.2745
4.0,8.0,9.0,71.0,10.0,0.3,0.0,10.0,0.0,2.0,4.218185,0.0,0.0,2.399,0.0,3.4979,9.0,2.399,2.399
4.0,9.0,3.0,74.0,22.0,0.7,0.0,1.0,0.0,2.0,2.724119,0.0,0.0,-0.8029,0.0,5.013,12.0,5.480285307179586,5.480285307179586
4.0,9.0,6.0,77.0,22.0,0.7,0.0,5.0,0.0,2.0,1.206671,0.0,0.0,-1.0646,0.0,4.1401,12.0,5.218585307179586,5.218585307179586
4.0,9.0,9.0,80.0,22.0,0.7,0.0,1.0,0.0,2.0,2.300335,0.0,0.0,-0.6024,0.0,4.226,12.0,5.680785307179586,5.680785307179586
4.0,9.0,12.0,83.0,22.0,0.7,0.0,5.0,0.0,2.0,2.971808,0.0,0.0,-0.8146,0.0,3.713,12.0,5.468585307179586,5.468585307179586
4.0,9.0,12.0,83.0,22.0,0.7,0.0,10.0,0.0,2.0,0.924218,0.0,0.0,-0.6926,0.0,3.9556,12.0,5.590585307179587,5.590585307179587
4.0,10.0,3.0,86.0,23.0,0.0,0.0,1.0,0.0,2.0,2.358108,0.0,0.0,0.6375,0.0,0.2453,6.0,0.6375,0.6375
4.0,10.0,6.0,89.0,23.0,0.0,0.0,5.0,0.0,2.0,1.616146,0.0,0.0,2.1926,0.0,0.5389,6.0,-0.948992653589793,-0.948992653589793
4.0,10.0,6.0,89.0,23.0,0.0,0.0,10.0,0.0,2.0,0.472042,0.0,0.0,2.1006,0.0,0.5922,6.0,-1.040992653589793,-1.040992653589793
4.0,11.0,3.0,92.0,9.0,0.0,0.0,1.0,0.0,2.0,1.131818,0.0,0.0,2.1347,0.0,0.5873,6.0,0.5639036732051035,0.5639036732051035
4.0,11.0,6.0,95.0,9.0,0.0,0.0,5.0,0.0,2.0,0.848689,0.0,0.0,1.7024,0.0,0.5007,6.0,0.13160367320510336,0.13160367320510336
4.0,11.0,6.0,95.0,9.0,0.0,0.0,10.0,0.0,2.0,2.727521,0.0,0.0,2.4715,0.0,0.4937,6.0,0.9007036732051033,0.9007036732051033
4.0,12.0,3.0,98.0,19.0,0.3,0.0,1.0,0.0,2.0,4.078594,0.0,0.0,-1.4692,0.0,2.9499,3.0,4.813985307179586,4.813985307179586
4.0,12.0,3.0,98.0,19.0,0.3,0.0,10.0,0.0,2.0,1.787147,0.0,0.0,-1.4877,0.0,3.6041,3.0,4.795485307179586,4.795485307179586
4.0,13.0,3.0,101.0,8.0,0.7,0.0,1.0,0.0,2.0,0.964736,0.0,0.0,1.6536,0.0,4.1461,3.0,1.6536,1.6536
4.0,13.0,3.0,101.0,8.0,0.7,0.0,10.0,0.0,2.0,3.526377,0.0,0.0,1.895,0.0,0.9396,3.0,1.895,1.895
4.0,14.0,3.0,104.0,16.0,0.9,0.0,1.0,0.0,2.0,1.310447,0.0,0.0,-2.6412,0.0,4.5345,6.0,3.6419853071795862,3.6419853071795862
4.0,14.0,6.0,107.0,16.0,0.9,0.0,5.0,0.0,2.0,2.500566,0.0,0.0,-2.2504,0.0,3.9607,6.0,4.032785307179586,4.032785307179586
4.0,14.0,6.0,107.0,16.0,0.9,0.0,10.0,0.0,2.0,1.237914,0.0,0.0,-2.3397,0.0,2.824,6.0,3.943485307179586,3.943485307179586
4.0,15.0,3.0,110.0,6.0,0.3,0.0,1.0,0.0,2.0,1.255054,0.0,0.0,1.7063,0.0,0.4863,6.0,1.7063,1.7063
4.0,15.0,6.0,113.0,6.0,0.3,0.0,5.0,0.0,2.0,3.013567,0.0,0.0,0.9777,0.0,2.782,6.0,0.9777,0.9777
4.0,15.0,6.0,113.0,6.0,0.3,0.0,10.0,0.0,2.0,7.491882,0.0,0.0,-0.005,0.0,2.942,6.0,-0.005,-0.005
4.0,16.0,3.0,116.0,15.0,0.5,0.0,1.0,0.0,2.0,2.52951,0.0,0.0,-2.476,0.0,3.759,3.0,3.8071853071795863,3.8071853071795863
4.0,16.0,3.0,116.0,15.0,0.5,0.0,10.0,0.0,2.0,2.251675,0.0,0.0,3.0264,0.0,2.6676,3.0,6.167992653589794,6.167992653589794
4.0,17.0,3.0,119.0,25.0,0.5,0.0,1.0,0.0,2.0,1.270047,0.0,0.0,0.1021,0.0,2.7225,12.0,6.385285307179586,6.385285307179586
4.0,17.0,6.0,122.0,25.0,0.5,0.0,5.0,0.0,2.0,1.304297,0.0,0.0,-0.4042,0.0,4.1208,12.0,5.878985307179586,5.878985307179586
4.0,17.0,9.0,125.0,25.0,0.5,0.0,1.0,0.0,2.0,2.380235,0.0,0.0,-0.0626,0.0,3.2695,12.0,6.2205853071795865,6.2205853071795865
4.0,17.0,12.0,128.0,25.0,0.5,0.0,5.0,0.0,2.0,11.933469,0.0,0.0,0.1674,0.0,2.7171,12.0,6.450585307179586,6.450585307179586
4.0,17.0,12.0,128.0,25.0,0.5,0.0,10.0,0.0,2.0,5.367854,0.0,0.0,-1.26,0.0,2.745,12.0,5.0231853071795864,5.0231853071795864
4.0,18.0,3.0,131.0,5.0,0.5,0.0,1.0,0.0,2.0,2.420379,0.0,0.0,0.2095,0.0,2.948,9.0,0.2095,0.2095
4.0,18.0,6.0,134.0,5.0,0.5,0.0,5.0,0.0,2.0,6.952662,0.0,0.0,1.5825,0.0,3.1247,9.0,1.5825,1.5825
4.0,18.0,9.0,137.0,5.0,0.5,0.0,1.0,0.0,2.0,1.371745,0.0,0.0,0.6806,0.0,2.3201,9.0,0.6806,0.6806
4.0,18.0,9.0,137.0,5.0,0.5,0.0,10.0,0.0,2.0,1.364306,0.0,0.0,0.5011,0.0,2.0059,9.0,0.5011,0.5011
4.0,19.0,3.0,140.0,2.0,0.9,0.0,1.0,0.0,2.0,0.712154,0.0,0.0,0.1136,0.0,3.6076,12.0,0.1136,0.1136
4.0,19.0,6.0,143.0,2.0,0.9,0.0,5.0,0.0,2.0,3.232923,0.0,0.0,0.1173,0.0,3.7415,12.0,0.1173,0.1173
4.0,19.0,9.0,146.0,2.0,0.9,0.0,1.0,0.0,2.0,1.546949,0.0,0.0,0.4297,0.0,4.9064,12.0,0.4297,0.4297
4.0,19.0,12.0,149.0,2.0,0.9,0.0,5.0,0.0,2.0,5.521897,0.0,0.0,0.1521,0.0,3.7591,12.0,0.1521,0.1521
4.0,19.0,12.0,149.0,2.0,0.9,0.0,10.0,0.0,2.0,0.942225,0.0,0.0,2.4955,0.0,0.5577,12.0,2.4955,2.4955
4.0,20.0,3.0,152.0,21.0,0.3,0.0,1.0,0.0,2.0,2.116837,0.0,0.0,-0.7178,0.0,3.2854,9.0,5.565385307179586,5.565385307179586
4.0,20.0,6.0,155.0,21.0,0.3,0.0,5.0,0.0,2.0,4.314842,0.0,0.0,-1.4538,0.0,2.9401,9.0,4.829385307179586,4.829385307179586
4.0,20.0,9.0,158.0,21.0,0.3,0.0,1.0,0.0,2.0,1.395993,0.0,0.0,-1.0087,0.0,1.7945,9.0,5.274485307179586,5.274485307179586
4.0,20.0,9.0,158.0,21.0,0.3,0.0,10.0,0.0,2.0,1.812081,0.0,0.0,2.1193,0.0,0.462,9.0,5.260892653589793,5.260892653589793
4.0,21.0,3.0,161.0,14.0,0.0,0.0,1.0,0.0,2.0,1.304488,0.0,0.0,2.1294,0.0,0.4821,9.0,-1.0121926535897932,-1.0121926535897932
4.0,21.0,6.0,164.0,14.0,0.0,0.0,5.0,0.0,2.0,1.624298,0.0,0.0,1.8384,0.0,0.4693,9.0,-1.303192653589793,-1.303192653589793
4.0,21.0,9.0,167.0,14.0,0.0,0.0,1.0,0.0,2.0,1.087724,0.0,0.0,1.8546,0.0,0.5475,9.0,-1.286992653589793,-1.286992653589793
4.0,21.0,9.0,167.0,14.0,0.0,0.0,10.0,0.0,2.0,0.643912,0.0,0.0,1.9207,0.0,0.575,9.0,-1.220892653589793,-1.220892653589793
4.0,22.0,3.0,170.0,3.0,0.7,0.0,1.0,0.0,2.0,2.746659,0.0,0.0,0.7868,0.0,3.6289,12.0,0.7868,0.7868
4.0,22.0,6.0,173.0,3.0,0.7,0.0,5.0,0.0,2.0,0.926528,0.0,0.0,0.5817,0.0,3.1889,12.0,0.5817,0.5817
4.0,22.0,9.0,176.0,3.0,0.7,0.0,1.0,0.0,2.0,1.146153,0.0,0.0,1.0257,0.0,4.0126,12.0,1.0257,1.0257
4.0,22.0,12.0,179.0,3.0,0.7,0.0,5.0,0.0,2.0,1.818427,0.0,0.0,0.8044,0.0,4.0735,12.0,0.8044,0.8044
4.0,22.0,12.0,179.0,3.0,0.7,0.0,10.0,0.0,2.0,2.068571,0.0,0.0,2.3472,0.0,0.573,12.0,2.3472,2.3472
4.0,23.0,3.0,182.0,20.0,0.5,0.0,1.0,0.0,2.0,1.803889,0.0,0.0,-1.5768,0.0,3.6355,6.0,4.706385307179586,4.706385307179586
4.0,23.0,6.0,185.0,20.0,0.5,0.0,5.0,0.0,2.0,2.594337,0.0,0.0,-1.7063,0.0,0.4863,6.0,4.5768853071795865,4.5768853071795865
4.0,23.0,6.0,185.0,20.0,0.5,0.0,10.0,0.0,2.0,2.907747,0.0,0.0,2.7234,0.0,0.0719,6.0,5.864992653589793,5.864992653589793
4.0,24.0,3.0,188.0,17.0,0.3,0.0,1.0,0.0,2.0,1.212596,0.0,0.0,-1.5802,0.0,2.3361,12.0,4.702985307179587,4.702985307179587
4.0,24.0,6.0,191.0,17.0,0.3,0.0,5.0,0.0,2.0,1.944559,0.0,0.0,-1.6791,0.0,0.3378,12.0,4.604085307179586,4.604085307179586
4.0,24.0,9.0,194.0,17.0,0.3,0.0,1.0,0.0,2.0,2.906378,0.0,0.0,-2.5378,0.0,0.2572,12.0,3.7453853071795864,3.7453853071795864
4.0,24.0,12.0,197.0,17.0,0.3,0.0,5.0,0.0,2.0,4.823685,0.0,0.0,-2.6571,0.0,2.3511,12.0,3.6260853071795864,3.6260853071795864
4.0,24.0,12.0,197.0,17.0,0.3,0.0,10.0,0.0,2.0,1.911986,0.0,0.0,3.0033,0.0,2.0121,12.0,6.1448926535897925,6.1448926535897925
4.0,25.0,3.0,200.0,24.0,0.9,0.0,1.0,0.0,2.0,3.377469,0.0,0.0,-0.3914,0.0,4.7462,3.0,5.891785307179586,5.891785307179586
4.0,25.0,3.0,200.0,24.0,0.9,0.0,10.0,0.0,2.0,4.514439,0.0,0.0,-0.2507,0.0,2.7656,3.0,6.032485307179586,6.032485307179586
5.0,1.0,20.0,20.0,1.0,0.0,0.0,10.0,0.0,2.0,4.488531,0.0,0.0,1.6162,0.0,0.1608,20.0,0.04540367320510352,0.04540367320510352
5.0,2.0,3.0,23.0,4.0,0.0,0.0,1.0,0.0,2.0,5.451013,0.0,0.0,1.0144,0.0,0.7049,3.0,1.0144,1.0144
5.0,2.0,3.0,23.0,4.0,0.0,0.0,10.0,0.0,2.0,0.90845,0.0,0.0,2.2896,0.0,0.0776,3.0,0.7188036732051035,0.7188036732051035
5.0,3.0,3.0,26.0,2.0,0.9,0.0,1.0,0.0,2.0,2.483757,0.0,0.0,0.0915,0.0,5.4321,12.0,0.0915,0.0915
5.0,3.0,6.0,29.0,2.0,0.9,0.0,5.0,0.0,2.0,3.270098,0.0,0.0,0.0964,0.0,5.1559,12.0,0.0964,0.0964
5.0,3.0,9.0,32.0,2.0,0.9,0.0,1.0,0.0,2.0,4.00849,0.0,0.0,-0.1564,0.0,5.624,12.0,-0.1564,-0.1564
5.0,3.0,12.0,35.0,2.0,0.9,0.0,5.0,0.0,2.0,1.193895,0.0,0.0,-0.2048,0.0,5.9573,12.0,-0.2048,-0.2048
5.0,3.0,12.0,35.0,2.0,0.9,0.0,10.0,0.0,2.0,1.676167,0.0,0.0,-0.033,0.0,4.8718,12.0,-0.033,-0.033
5.0,4.0,3.0,38.0,9.0,0.0,0.0,1.0,0.0,2.0,1.7404,0.0,0.0,1.4785,0.0,0.3959,6.0,1.4785,1.4785
5.0,4.0,6.0,41.0,9.0,0.0,0.0,5.0,0.0,2.0,0.681958,0.0,0.0,0.3923,0.0,0.2291,6.0,0.3923,0.3923
5.0,4.0,6.0,41.0,9.0,0.0,0.0,10.0,0.0,2.0,1.205418,0.0,0.0,-0.0554,0.0,5.5347,6.0,-0.0554,-0.0554
5.0,5.0,3.0,44.0,7.0,0.9,0.0,1.0,0.0,2.0,1.472886,0.0,0.0,1.6631,0.0,5.3079,9.0,1.6631,1.6631
5.0,5.0,6.0,47.0,7.0,0.9,0.0,5.0,0.0,2.0,1.807722,0.0,0.0,1.8289,0.0,5.1191,9.0,1.8289,1.8289
5.0,5.0,9.0,50.0,7.0,0.9,0.0,1.0,0.0,2.0,0.87739,0.0,0.0,1.3461,0.0,5.4066,9.0,1.3461,1.3461
5.0,5.0,9.0,50.0,7.0,0.9,0.0,10.0,0.0,2.0,0.880869,0.0,0.0,1.6332,0.0,0.5851,9.0,1.6332,1.6332
5.0,6.0,3.0,53.0,3.0,0.7,0.0,1.0,0.0,2.0,1.690115,0.0,0.0,0.271,0.0,4.4172,12.0,0.271,0.271
5.0,6.0,6.0,56.0,3.0,0.7,0.0,5.0,0.0,2.0,1.337898,0.0,0.0,0.619,0.0,4.58,12.0,0.619,0.619
5.0,6.0,9.0,59.0,3.0,0.7,0.0,1.0,0.0,2.0,1.600779,0.0,0.0,0.3417,0.0,4.7495,12.0,0.3417,0.3417
5.0,6.0,12.0,62.0,3.0,0.7,0.0,5.0,0.0,2.0,0.427984,0.0,0.0,0.9005,0.0,4.3597,12.0,0.9005,0.9005
5.0,6.0,12.0,62.0,3.0,0.7,0.0,10.0,0.0,2.0,0.683898,0.0,0.0,-0.1829,0.0,4.6548,12.0,-0.1829,-0.1829
5.0,7.0,3.0,65.0,10.0,0.3,0.0,1.0,0.0,2.0,0.928252,0.0,0.0,2.7246,0.0,2.4512,9.0,2.7246,2.7246
5.0,7.0,6.0,68.0,10.0,0.3,0.0,5.0,0.0,2.0,2.317396,0.0,0.0,2.7315,0.0,2.0139,9.0,2.7315,2.7315
5.0,7.0,9.0,71.0,10.0,0.3,0.0,1.0,0.0,2.0,1.129928,0.0,0.0,2.2392,0.0,2.3441,9.0,2.2392,2.2392
5.0,7.0,9.0,71.0,10.0,0.3,0.0,10.0,0.0,2.0,4.331698,0.0,0.0,-2.9312,0.0,0.7689,9.0,0.2103926535897931,0.2103926535897931
5.0,8.0,3.0,74.0,17.0,0.3,0.0,1.0,0.0,2.0,1.00834,0.0,0.0,-1.78,0.0,1.5821,12.0,4.503185307179586,4.503185307179586
5.0,8.0,6.0,77.0,17.0,0.3,0.0,5.0,0.0,2.0,0.59544,0.0,0.0,-1.6864,0.0,1.4551,12.0,4.596785307179586,4.596785307179586
5.0,8.0,9.0,80.0,17.0,0.3,0.0,1.0,0.0,2.0,0.965735,0.0,0.0,-2.4169,0.0,2.4668,12.0,3.866285307179586,3.866285307179586
5.0,8.0,12.0,83.0,17.0,0.3,0.0,5.0,0.0,2.0,1.421016,0.0,0.0,-2.2538,0.0,3.1809,12.0,4.029385307179586,4.029385307179586
5.0,8.0,12.0,83.0,17.0,0.3,0.0,10.0,0.0,2.0,0.432167,0.0,0.0,-1.9065,0.0,3.4792,12.0,4.376685307179586,4.376685307179586
5.0,9.0,3.0,86.0,20.0,0.5,0.0,1.0,0.0,2.0,0.363817,0.0,0.0,-1.4598,0.0,2.7031,6.0,4.823385307179587,4.823385307179587
5.0,9.0,6.0,89.0,20.0,0.5,0.0,5.0,0.0,2.0,0.490967,0.0,0.0,-0.6899,0.0,3.3032,6.0,5.5932853071795865,5.5932853071795865
5.0,9.0,6.0,89.0,20.0,0.5,0.0,10.0,0.0,2.0,0.692104,0.0,0.0,-0.8193,0.0,4.416,6.0,5.463885307179586,5.463885307179586
5.0,10.0,3.0,92.0,13.0,0.7,0.0,1.0,0.0,2.0,0.859718,0.0,0.0,-2.8718,0.0,4.2187,6.0,3.4113853071795863,3.4113853071795863
5.0,10.0,6.0,95.0,13.0,0.7,0.0,5.0,0.0,2.0,1.132374,0.0,0.0,2.7714,0.0,5.0038,6.0,2.7714,2.7714
5.0,10.0,6.0,95.0,13.0,0.7,0.0,10.0,0.0,2.0,0.271167,0.0,0.0,-2.5722,0.0,4.3599,6.0,3.710985307179586,3.710985307179586
5.0,11.0,3.0,98.0,5.0,0.5,0.0,1.0,0.0,2.0,0.824031,0.0,0.0,0.7579,0.0,4.694,9.0,0.7579,0.7579
5.0,11.0,6.0,101.0,5.0,0.5,0.0,5.0,0.0,2.0,1.316888,0.0,0.0,0.9604,0.0,4.2408,9.0,0.9604,0.9604
5.0,11.0,9.0,104.0,5.0,0.5,0.0,1.0,0.0,2.0,0.644532,0.0,0.0,1.7822,0.0,3.5838,9.0,1.7822,1.7822
5.0,11.0,9.0,104.0,5.0,0.5,0.0,10.0,0.0,2.0,0.355466,0.0,0.0,0.9216,0.0,4.6006,9.0,0.9216,0.9216
5.0,12.0,3.0,107.0,6.0,0.3,0.0,1.0,0.0,2.0,1.225236,0.0,0.0,0.7872,0.0,2.8236,6.0,0.7872,0.7872
5.0,12.0,6.0,110.0,6.0,0.3,0.0,5.0,0.0,2.0,1.204807,0.0,0.0,1.9526,0.0,3.1938,6.0,1.9526,1.9526
5.0,12.0,6.0,110.0,6.0,0.3,0.0,10.0,0.0,2.0,1.568951,0.0,0.0,1.6992,0.0,3.592,6.0,1.6992,1.6992
5.0,13.0,3.0,113.0,18.0,0.7,0.0,1.0,0.0,2.0,0.648402,0.0,0.0,-1.6364,0.0,4.3456,9.0,4.646785307179586,4.646785307179586
5.0,13.0,6.0,116.0,18.0,0.7,0.0,5.0,0.0,2.0,0.662422,0.0,0.0,-2.189,0.0,4.4969,9.0,4.094185307179586,4.094185307179586
5.0,13.0,9.0,119.0,18.0,0.7,0.0,1.0,0.0,2.0,0.984789,0.0,0.0,-2.0906,0.0,4.1887,9.0,4.192585307179586,4.192585307179586
5.0,13.0,9.0,119.0,18.0,0.7,0.0,10.0,0.0,2.0,1.819809,0.0,0.0,2.971,0.0,5.0742,9.0,6.112592653589793,6.112592653589793
5.0,14.0,3.0,122.0,23.0,0.0,0.0,1.0,0.0,2.0,1.418041,0.0,0.0,0.1095,0.0,0.6683,6.0,0.1095,0.1095
5.0,14.0,6.0,125.0,23.0,0.0,0.0,5.0,0.0,2.0,0.618991,0.0,0.0,2.9131,0.0,0.9668,6.0,-0.2284926535897931,-0.2284926535897931
5.0,14.0,6.0,125.0,23.0,0.0,0.0,10.0,0.0,2.0,0.264009,0.0,0.0,-0.9234,0.0,2.9653,6.0,-0.9234,-0.9234
5.0,15.0,3.0,128.0,15.0,0.5,0.0,1.0,0.0,2.0,0.911927,0.0,0.0,-2.5557,0.0,3.7761,3.0,3.7274853071795864,3.7274853071795864
5.0,15.0,3.0,128.0,15.0,0.5,0.0,10.0,0.0,2.0,0.993896,0.0,0.0,-2.3914,0.0,1.0279,3.0,3.8917853071795863,3.8917853071795863
5.0,16.0,3.0,131.0,8.0,0.7,0.0,1.0,0.0,2.0,1.471998,0.0,0.0,1.3743,0.0,4.6,3.0,1.3743,1.3743
5.0,16.0,3.0,131.0,8.0,0.7,0.0,10.0,0.0,2.0,0.993514,0.0,0.0,1.9589,0.0,3.3755,3.0,1.9589,1.9589
5.0,17.0,3.0,134.0,22.0,0.7,0.0,1.0,0.0,2.0,1.070504,0.0,0.0,-0.5411,0.0,5.4423,12.0,5.742085307179586,5.742085307179586
5.0,17.0,6.0,137.0,22.0,0.7,0.0,5.0,0.0,2.0,6.281372,0.0,0.0,-0.4907,0.0,4.4612,12.0,5.792485307179586,5.792485307179586
5.0,17.0,9.0,140.0,22.0,0.7,0.0,1.0,0.0,2.0,1.534131,0.0,0.0,-0.5273,0.0,4.4686,12.0,5.755885307179586,5.755885307179586
5.0,17.0,12.0,143.0,22.0,0.7,0.0,5.0,0.0,2.0,0.557286,0.0,0.0,-0.5944,0.0,5.0315,12.0,5.688785307179586,5.688785307179586
5.0,17.0,12.0,143.0,22.0,0.7,0.0,10.0,0.0,2.0,0.184738,0.0,0.0,-0.0472,0.0,3.0914,12.0,6.235985307179586,6.235985307179586
5.0,18.0,3.0,146.0,11.0,0.9,0.0,1.0,0.0,2.0,0.379649,0.0,0.0,2.7288,0.0,4.9492,3.0,2.7288,2.7288
5.0,18.0,3.0,146.0,11.0,0.9,0.0,10.0,0.0,2.0,1.111726,0.0,0.0,2.38,0.0,4.1256,3.0,2.38,2.38
5.0,19.0,3.0,149.0,19.0,0.3,0.0,1.0,0.0,2.0,1.05454,0.0,0.0,-2.116,0.0,1.8442,3.0,4.167185307179587,4.167185307179587
5.0,19.0,3.0,149.0,19.0,0.3,0.0,10.0,0.0,2.0,2.506662,0.0,0.0,-0.3488,0.0,4.3577,3.0,5.9343853071795865,5.9343853071795865
5.0,20.0,3.0,152.0,24.0,0.9,0.0,1.0,0.0,2.0,0.721753,0.0,0.0,-0.129,0.0,6.0142,3.0,6.154185307179587,6.154185307179587
5.0,20.0,3.0,152.0,24.0,0.9,0.0,10.0,0.0,2.0,0.988399,0.0,0.0,0.0722,0.0,4.2524,3.0,6.355385307179586,6.355385307179586
5.0,21.0,3.0,155.0,14.0,0.0,0.0,1.0,0.0,2.0,0.971441,0.0,0.0,2.6467,0.0,0.5226,9.0,-0.49489265358979306,-0.49489265358979306
5.0,21.0,6.0,158.0,14.0,0.0,0.0,5.0,0.0,2.0,3.507551,0.0,0.0,3.0389,0.0,0.7119,9.0,-0.10269265358979318,-0.10269265358979318
5.0,21.0,9.0,161.0,14.0,0.0,0.0,1.0,0.0,2.0,0.423495,0.0,0.0,2.3699,0.0,0.3769,9.0,-0.7716926535897932,-0.7716926535897932
5.0,21.0,9.0,161.0,14.0,0.0,0.0,10.0,0.0,2.0,1.019457,0.0,0.0,-0.3239,0.0,1.055,9.0,-0.3239,-0.3239
5.0,22.0,3.0,164.0,12.0,0.5,0.0,1.0,0.0,2.0,0.242723,0.0,0.0,2.7667,0.0,2.9105,12.0,2.7667,2.7667
5.0,22.0,6.0,167.0,12.0,0.5,0.0,5.0,0.0,2.0,0.95162,0.0,0.0,2.8926,0.0,3.0808,12.0,2.8926,2.8926
5.0,22.0,9.0,170.0,12.0,0.5,0.0,1.0,0.0,2.0,2.267639,0.0,0.0,-3.0249,0.0,3.8882,12.0,3.258285307179586,3.258285307179586
5.0,22.0,12.0,173.0,12.0,0.5,0.0,5.0,0.0,2.0,0.380819,0.0,0.0,3.028,0.0,3.6076,12.0,3.028,3.028
5.0,22.0,12.0,173.0,12.0,0.5,0.0,10.0,0.0,2.0,0.873284,0.0,0.0,2.6769,0.0,3.2582,12.0,2.6769,2.6769
5.0,23.0,3.0,176.0,25.0,0.5,0.0,1.0,0.0,2.0,0.40466,0.0,0.0,-0.0135,0.0,4.3294,12.0,6.269685307179587,6.269685307179587
5.0,23.0,6.0,179.0,25.0,0.5,0.0,5.0,0.0,2.0,0.635194,0.0,0.0,-0.0394,0.0,3.3387,12.0,6.243785307179587,6.243785307179587
5.0,23.0,9.0,182.0,25.0,0.5,0.0,1.0,0.0,2.0,0.397152,0.0,0.0,-0.2484,0.0,2.5531,12.0,6.034785307179586,6.034785307179586
5.0,23.0,12.0,185.0,25.0,0.5,0.0,5.0,0.0,2.0,2.034838,0.0,0.0,0.2387,0.0,2.5319,12.0,6.521885307179586,6.521885307179586
5.0,23.0,12.0,185.0,25.0,0.5,0.0,10.0,0.0,2.0,2.163314,0.0,0.0,-0.1337,0.0,4.1617,12.0,6.149485307179586,6.149485307179586
5.0,24.0,3.0,188.0,21.0,0.3,0.0,1.0,0.0,2.0,1.128919,0.0,0.0,-1.2802,0.0,3.185,9.0,5.0029853071795864,5.0029853071795864
5.0,24.0,6.0,191.0,21.0,0.3,0.0,5.0,0.0,2.0,0.546547,0.0,0.0,-0.635,0.0,2.5843,9.0,5.6481853071795864,5.6481853071795864
5.0,24.0,9.0,194.0,21.0,0.3,0.0,1.0,0.0,2.0,1.331262,0.0,0.0,-0.934,0.0,3.0325,9.0,5.349185307179586,5.349185307179586
5.0,24.0,9.0,194.0,21.0,0.3,0.0,10.0,0.0,2.0,0.567769,0.0,0.0,-1.4353,0.0,1.1346,9.0,4.847885307179586,4.847885307179586
5.0,25.0,3.0,197.0,16.0,0.9,0.0,1.0,0.0,2.0,0.874732,0.0,0.0,-2.2746,0.0,4.7493,6.0,4.008585307179587,4.008585307179587
5.0,25.0,6.0,200.0,16.0,0.9,0.0,5.0,0.0,2.0,0.762567,0.0,0.0,-2.0879,0.0,4.8877,6.0,4.195285307179587,4.195285307179587
5.0,25.0,6.0,200.0,16.0,0.9,0.0,10.0,0.0,2.0,0.119991,0.0,0.0,-2.3547,0.0,3.3811,6.0,3.9284853071795864,3.9284853071795864
6.0,1.0,20.0,20.0,1.0,0.0,0.0,10.0,0.0,2.0,5.489156,0.0,0.0,-0.1562,0.0,0.9385,20.0,-0.1562,-0.1562
6.0,2.0,3.0,23.0,3.0,0.7,0.0,1.0,0.0,2.0,1.851151,0.0,0.0,0.6547,0.0,3.7642,12.0,0.6547,0.6547
6.0,2.0,6.0,26.0,3.0,0.7,0.0,5.0,0.0,2.0,4.237257,0.0,0.0,-0.1431,0.0,4.4032,12.0,-0.1431,-0.1431
6.0,2.0,9.0,29.0,3.0,0.7,0.0,1.0,0.0,2.0,3.344515,0.0,0.0,0.8888,0.0,4.2504,12.0,0.8888,0.8888
6.0,2.0,12.0,32.0,3.0,0.7,0.0,5.0,0.0,2.0,3.44223,0.0,0.0,0.8069,0.0,4.5694,12.0,0.8069,0.8069
6.0,2.0,12.0,32.0,3.0,0.7,0.0,10.0,0.0,2.0,0.849964,0.0,0.0,0.0863,0.0,4.4038,12.0,0.0863,0.0863
6.0,3.0,3.0,35.0,15.0,0.5,0.0,1.0,0.0,2.0,1.379082,0.0,0.0,-2.5373,0.0,3.9831,3.0,3.745885307179586,3.745885307179586
6.0,3.0,3.0,35.0,15.0,0.5,0.0,10.0,0.0,2.0,1.379898,0.0,0.0,2.8952,0.0,3.7111,3.0,6.036792653589793,6.036792653589793
6.0,4.0,3.0,38.0,9.0,0.0,0.0,1.0,0.0,2.0,3.410715,0.0,0.0,-0.814,0.0,0.1807,6.0,-0.814,-0.814
6.0,4.0,6.0,41.0,9.0,0.0,0.0,5.0,0.0,2.0,2.907574,0.0,0.0,0.3131,0.0,3.9823,6.0,0.3131,0.3131
6.0,4.0,6.0,41.0,9.0,0.0,0.0,10.0,0.0,2.0,0.428085,0.0,0.0,-0.4938,0.0,4.6511,6.0,-0.4938,-0.4938
6.0,5.0,3.0,44.0,16.0,0.9,0.0,1.0,0.0,2.0,1.671133,0.0,0.0,-2.5536,0.0,4.922,6.0,3.7295853071795864,3.7295853071795864
6.0,5.0,6.0,47.0,16.0,0.9,0.0,5.0,0.0,2.0,2.412472,0.0,0.0,-1.1811,0.0,0.4419,6.0,5.102085307179586,5.102085307179586
6.0,5.0,6.0,47.0,16.0,0.9,0.0,10.0,0.0,2.0,0.725315,0.0,0.0,0.7961,0.0,5.2913,6.0,7.079285307179586,7.079285307179586
6.0,6.0,3.0,50.0,2.0,0.9,0.0,1.0,0.0,2.0,2.074901,0.0,0.0,0.0255,0.0,5.1483,12.0,0.0255,0.0255
6.0,6.0,6.0,53.0,2.0,0.9,0.0,5.0,0.0,2.0,4.482169,0.0,0.0,-2.5625,0.0,5.0153,12.0,0.5790926535897931,0.5790926535897931
6.0,6.0,9.0,56.0,2.0,0.9,0.0,1.0,0.0,2.0,0.955867,0.0,0.0,-0.0614,0.0,4.9954,12.0,-0.0614,-0.0614
6.0,6.0,12.0,59.0,2.0,0.9,0.0,5.0,0.0,2.0,2.368099,0.0,0.0,-2.881,0.0,0.1133,12.0,0.26059265358979333,0.26059265358979333
6.0,6.0,12.0,59.0,2.0,0.9,0.0,10.0,0.0,2.0,0.252309,0.0,0.0,-3.0115,0.0,5.1757,12.0,0.13009265358979327,0.13009265358979327
6.0,7.0,3.0,62.0,24.0,0.9,0.0,1.0,0.0,2.0,1.065369,0.0,0.0,-0.0905,0.0,5.329,3.0,6.192685307179587,6.192685307179587
6.0,7.0,3.0,62.0,24.0,0.9,0.0,10.0,0.0,2.0,2.963969,0.0,0.0,-2.3239,0.0,0.1601,3.0,3.959285307179586,3.959285307179586
6.0,8.0,3.0,65.0,6.0,0.3,0.0,1.0,0.0,2.0,3.210223,0.0,0.0,-1.5481,0.0,0.3213,6.0,-1.5481,-1.5481
6.0,8.0,6.0,68.0,6.0,0.3,0.0,5.0,0.0,2.0,7.135603,0.0,0.0,0.8183,0.0,1.1001,6.0,0.8183,0.8183
6.0,8.0,6.0,68.0,6.0,0.3,0.0,10.0,0.0,2.0,1.067977,0.0,0.0,-2.4384,0.0,5.2157,6.0,0.703192653589793,0.703192653589793
6.0,9.0,3.0,71.0,13.0,0.7,0.0,1.0,0.0,2.0,1.85995,0.0,0.0,-1.9138,0.0,0.1085,6.0,4.369385307179586,4.369385307179586
6.0,9.0,6.0,74.0,13.0,0.7,0.0,5.0,0.0,2.0,1.64887,0.0,0.0,2.8033,0.0,4.8831,6.0,2.8033,2.8033
6.0,9.0,6.0,74.0,13.0,0.7,0.0,10.0,0.0,2.0,0.89709,0.0,0.0,1.2509,0.0,1.2304,6.0,1.2509,1.2509
6.0,10.0,3.0,77.0,18.0,0.7,0.0,1.0,0.0,2.0,1.611337,0.0,0.0,-1.8043,0.0,1.2306,9.0,4.478885307179587,4.478885307179587
6.0,10.0,6.0,80.0,18.0,0.7,0.0,5.0,0.0,2.0,1.597648,0.0,0.0,0.3421,0.0,4.6572,9.0,6.6252853071795865,6.6252853071795865
6.0,10.0,9.0,83.0,18.0,0.7,0.0,1.0,0.0,2.0,1.539494,0.0,0.0,-1.3928,0.0,3.9164,9.0,4.890385307179586,4.890385307179586
6.0,10.0,9.0,83.0,18.0,0.7,0.0,10.0,0.0,2.0,0.291068,0.0,0.0,-1.6332,0.0,0.5851,9.0,4.649985307179586,4.649985307179586
6.0,11.0,3.0,86.0,12.0,0.5,0.0,1.0,0.0,2.0,2.065302,0.0,0.0,-2.5198,0.0,4.9127,12.0,3.763385307179586,3.763385307179586
6.0,11.0,6.0,89.0,12.0,0.5,0.0,5.0,0.0,2.0,2.193198,0.0,0.0,-0.5214,0.0,4.9249,12.0,5.761785307179586,5.761785307179586
6.0,11.0,9.0,92.0,12.0,0.5,0.0,1.0,0.0,2.0,1.70481,0.0,0.0,2.8882,0.0,4.8337,12.0,2.8882,2.8882
6.0,11.0,12.0,95.0,12.0,0.5,0.0,5.0,0.0,2.0,2.826922,0.0,0.0,-1.4666,0.0,4.8443,12.0,4.8165853071795866,4.8165853071795866
6.0,11.0,12.0,95.0,12.0,0.5,0.0,10.0,0.0,2.0,0.23449,0.0,0.0,-0.359,0.0,4.5301,12.0,5.924185307179586,5.924185307179586
6.0,12.0,3.0,98.0,23.0,0.0,0.0,1.0,0.0,2.0,2.638719,0.0,0.0,-1.606,0.0,1.0373,6.0,1.535592653589793,1.535592653589793
6.0,12.0,6.0,101.0,23.0,0.0,0.0,5.0,0.0,2.0,2.453688,0.0,0.0,-0.4495,0.0,4.8388,6.0,-0.4495,-0.4495
6.0,12.0,6.0,101.0,23.0,0.0,0.0,10.0,0.0,2.0,1.288078,0.0,0.0,0.2863,0.0,4.7562,6.0,0.2863,0.2863
6.0,13.0,3.0,104.0,10.0,0.3,0.0,1.0,0.0,2.0,1.269399,0.0,0.0,3.0144,0.0,1.6117,9.0,3.0144,3.0144
6.0,13.0,6.0,107.0,10.0,0.3,0.0,5.0,0.0,2.0,3.988186,0.0,0.0,-0.0392,0.0,4.8437,9.0,-0.0392,-0.0392
6.0,13.0,9.0,110.0,10.0,0.3,0.0,1.0,0.0,2.0,1.257593,0.0,0.0,-1.9417,0.0,0.423,9.0,1.1998926535897931,1.1998926535897931
6.0,13.0,9.0,110.0,10.0,0.3,0.0,10.0,0.0,2.0,1.232211,0.0,0.0,0.0409,0.0,5.0048,9.0,0.0409,0.0409
6.0,14.0,3.0,113.0,5.0,0.5,0.0,1.0,0.0,2.0,1.208226,0.0,0.0,1.332,0.0,2.8701,9.0,1.332,1.332
6.0,14.0,6.0,116.0,5.0,0.5,0.0,5.0,0.0,2.0,1.337715,0.0,0.0,-0.3799,0.0,4.7243,9.0,-0.3799,-0.3799
6.0,14.0,9.0,119.0,5.0,0.5,0.0,1.0,0.0,2.0,1.78462,0.0,0.0,0.6011,0.0,2.7882,9.0,0.6011,0.6011
6.0,14.0,9.0,119.0,5.0,0.5,0.0,10.0,0.0,2.0,0.902734,0.0,0.0,-2.1421,0.0,0.1215,9.0,0.999492653589793,0.999492653589793
6.0,15.0,3.0,122.0,11.0,0.9,0.0,1.0,0.0,2.0,1.425712,0.0,0.0,-2.8813,0.0,5.6735,3.0,0.26029265358979314,0.26029265358979314
6.0,15.0,3.0,122.0,11.0,0.9,0.0,10.0,0.0,2.0,0.374487,0.0,0.0,-0.9601,0.0,0.4455,3.0,-0.9601,-0.9601
6.0,16.0,3.0,125.0,22.0,0.7,0.0,1.0,0.0,2.0,2.249009,0.0,0.0,0.1427,0.0,4.1079,12.0,6.425885307179586,6.425885307179586
6.0,16.0,6.0,128.0,22.0,0.7,0.0,5.0,0.0,2.0,2.7661,0.0,0.0,2.5183,0.0,3.1017,12.0,5.659892653589793,5.659892653589793
6.0,16.0,9.0,131.0,22.0,0.7,0.0,1.0,0.0,2.0,1.304077,0.0,0.0,-0.0453,0.0,4.1873,12.0,6.237885307179586,6.237885307179586
6.0,16.0,12.0,134.0,22.0,0.7,0.0,5.0,0.0,2.0,1.455359,0.0,0.0,-1.44,0.0,0.2798,12.0,4.843185307179587,4.843185307179587
6.0,16.0,12.0,134.0,22.0,0.7,0.0,10.0,0.0,2.0,0.288052,0.0,0.0,2.4156,0.0,3.7387,12.0,5.557192653589793,5.557192653589793
6.0,17.0,3.0,137.0,14.0,0.0,0.0,1.0,0.0,2.0,0.866815,0.0,0.0,-1.1553,0.0,0.2713,9.0,-1.1553,-1.1553
6.0,17.0,6.0,140.0,14.0,0.0,0.0,5.0,0.0,2.0,1.506051,0.0,0.0,0.7654,0.0,3.3508,9.0,0.7654,0.7654
6.0,17.0,9.0,143.0,14.0,0.0,0.0,1.0,0.0,2.0,2.061737,0.0,0.0,0.6447,0.0,3.5712,9.0,0.6447,0.6447
6.0,17.0,9.0,143.0,14.0,0.0,0.0,10.0,0.0,2.0,1.084948,0.0,0.0,-2.9229,0.0,4.2401,9.0,0.21869265358979328,0.21869265358979328
6.0,18.0,3.0,146.0,8.0,0.7,0.0,1.0,0.0,2.0,1.112006,0.0,0.0,1.4374,0.0,3.0199,3.0,1.4374,1.4374
6.0,18.0,3.0,146.0,8.0,0.7,0.0,10.0,0.0,2.0,1.064623,0.0,0.0,0.2517,0.0,3.3995,3.0,0.2517,0.2517
6.0,19.0,3.0,149.0,25.0,0.5,0.0,1.0,0.0,2.0,3.407666,0.0,0.0,-0.7139,0.0,2.0959,12.0,5.5692853071795865,5.5692853071795865
6.0,19.0,6.0,152.0,25.0,0.5,0.0,5.0,0.0,2.0,1.022534,0.0,0.0,0.0,0.0,0.1679,12.0,6.283185307179586,6.283185307179586
6.0,19.0,9.0,155.0,25.0,0.5,0.0,1.0,0.0,2.0,22.972831,0.0,0.0,2.2269,0.0,1.1608,12.0,5.368492653589794,5.368492653589794
6.0,19.0,12.0,158.0,25.0,0.5,0.0,5.0,0.0,2.0,1.114434,0.0,0.0,-0.5681,0.0,0.407,12.0,5.715085307179586,5.715085307179586
6.0,19.0,12.0,158.0,25.0,0.5,0.0,10.0,0.0,2.0,0.664387,0.0,0.0,2.4896,0.0,4.3072,12.0,5.6311926535897925,5.6311926535897925
6.0,20.0,3.0,161.0,19.0,0.3,0.0,1.0,0.0,2.0,0.65909,0.0,0.0,-1.1479,0.0,0.4803,3.0,5.135285307179586,5.135285307179586
6.0,20.0,3.0,161.0,19.0,0.3,0.0,10.0,0.0,2.0,1.257851,0.0,0.0,0.3383,0.0,4.0474,3.0,6.6214853071795865,6.6214853071795865
6.0,21.0,3.0,164.0,20.0,0.5,0.0,1.0,0.0,2.0,1.879211,0.0,0.0,0.3516,0.0,3.9424,6.0,6.634785307179587,6.634785307179587
6.0,21.0,6.0,167.0,20.0,0.5,0.0,5.0,0.0,2.0,2.317298,0.0,0.0,2.5767,0.0,4.0363,6.0,5.718292653589794,5.718292653589794
6.0,21.0,6.0,167.0,20.0,0.5,0.0,10.0,0.0,2.0,0.860097,0.0,0.0,-1.4928,0.0,0.4686,6.0,4.790385307179586,4.790385307179586
6.0,22.0,3.0,170.0,7.0,0.9,0.0,1.0,0.0,2.0,4.795222,0.0,0.0,2.2135,0.0,3.4471,9.0,2.2135,2.2135
6.0,22.0,6.0,173.0,7.0,0.9,0.0,5.0,0.0,2.0,1.09621,0.0,0.0,2.2431,0.0,5.1692,9.0,2.2431,2.2431
6.0,22.0,9.0,176.0,7.0,0.9,0.0,1.0,0.0,2.0,2.85704,0.0,0.0,0.082,0.0,0.5347,9.0,0.082,0.082
6.0,22.0,9.0,176.0,7.0,0.9,0.0,10.0,0.0,2.0,0.20921,0.0,0.0,0.7206,0.0,5.9746,9.0,0.7206,0.7206
6.0,23.0,3.0,179.0,21.0,0.3,0.0,1.0,0.0,2.0,1.143773,0.0,0.0,-0.9174,0.0,0.5884,9.0,5.3657853071795865,5.3657853071795865
6.0,23.0,6.0,182.0,21.0,0.3,0.0,5.0,0.0,2.0,3.170362,0.0,0.0,0.6,0.0,3.7237,9.0,6.883185307179586,6.883185307179586
6.0,23.0,9.0,185.0,21.0,0.3,0.0,1.0,0.0,2.0,1.461237,0.0,0.0,-1.8737,0.0,0.1224,9.0,4.409485307179587,4.409485307179587
6.0,23.0,9.0,185.0,21.0,0.3,0.0,10.0,0.0,2.0,0.224868,0.0,0.0,0.6247,0.0,5.9667,9.0,6.907885307179586,6.907885307179586
6.0,24.0,3.0,188.0,4.0,0.0,0.0,1.0,0.0,2.0,0.940402,0.0,0.0,-1.4682,0.0,0.499,3.0,-1.4682,-1.4682
6.0,24.0,3.0,188.0,4.0,0.0,0.0,10.0,0.0,2.0,0.912717,0.0,0.0,0.3254,0.0,5.6628,3.0,0.3254,0.3254
6.0,25.0,3.0,191.0,17.0,0.3,0.0,1.0,0.0,2.0,3.355177,0.0,0.0,0.8905,0.0,1.4274,12.0,7.1736853071795865,7.1736853071795865
6.0,25.0,6.0,194.0,17.0,0.3,0.0,5.0,0.0,2.0,0.893088,0.0,0.0,-1.4328,0.0,0.2653,12.0,4.850385307179586,4.850385307179586
6.0,25.0,9.0,197.0,17.0,0.3,0.0,1.0,0.0,2.0,1.85812,0.0,0.0,-0.3254,0.0,4.43,12.0,5.957785307179586,5.957785307179586
6.0,25.0,12.0,200.0,17.0,0.3,0.0,5.0,0.0,2.0,0.764146,0.0,0.0,0.189,0.0,4.9724,12.0,6.472185307179586,6.472185307179586
6.0,25.0,12.0,200.0,17.0,0.3,0.0,10.0,0.0,2.0,0.861653,0.0,0.0,-0.6418,0.0,4.2925,12.0,5.641385307179586,5.641385307179586
7.0,1.0,20.0,20.0,1.0,0.0,0.0,10.0,0.0,2.0,9.945223,0.0,0.0,-0.4461,0.0,0.1917,20.0,-0.4461,-0.4461
7.0,2.0,3.0,23.0,15.0,0.5,0.0,1.0,0.0,2.0,5.312316,0.0,0.0,-2.7074,0.0,3.3064,3.0,3.5757853071795864,3.5757853071795864
7.0,2.0,3.0,23.0,15.0,0.5,0.0,10.0,0.0,2.0,10.758557,0.0,0.0,-3.1165,0.0,1.4965,3.0,3.1666853071795864,3.1666853071795864
7.0,3.0,3.0,26.0,2.0,0.9,0.0,1.0,0.0,2.0,2.919041,0.0,0.0,0.2523,0.0,5.2095,12.0,0.2523,0.2523
7.0,3.0,6.0,29.0,2.0,0.9,0.0,5.0,0.0,2.0,4.922235,0.0,0.0,0.3047,0.0,5.5876,12.0,0.3047,0.3047
7.0,3.0,9.0,32.0,2.0,0.9,0.0,1.0,0.0,2.0,3.026954,0.0,0.0,0.1197,0.0,5.8532,12.0,0.1197,0.1197
7.0,3.0,12.0,35.0,2.0,0.9,0.0,5.0,0.0,2.0,12.399429,0.0,0.0,0.1389,0.0,5.7009,12.0,0.1389,0.1389
7.0,3.0,12.0,35.0,2.0,0.9,0.0,10.0,0.0,2.0,3.791779,0.0,0.0,0.1302,0.0,5.6183,12.0,0.1302,0.1302
7.0,4.0,3.0,38.0,4.0,0.0,0.0,1.0,0.0,2.0,4.23995,0.0,0.0,-1.0675,0.0,0.7638,3.0,-1.0675,-1.0675
7.0,4.0,3.0,38.0,4.0,0.0,0.0,10.0,0.0,2.0,2.536855,0.0,0.0,-0.6168,0.0,0.5069,3.0,-0.6168,-0.6168
7.0,5.0,3.0,41.0,13.0,0.7,0.0,1.0,0.0,2.0,1.939524,0.0,0.0,2.8588,0.0,3.9066,6.0,2.8588,2.8588
7.0,5.0,6.0,44.0,13.0,0.7,0.0,5.0,0.0,2.0,1.073469,0.0,0.0,3.0979,0.0,4.643,6.0,3.0979,3.0979
7.0,5.0,6.0,44.0,13.0,0.7,0.0,10.0,0.0,2.0,1.56646,0.0,0.0,3.0821,0.0,3.6677,6.0,3.0821,3.0821
7.0,6.0,3.0,47.0,23.0,0.0,0.0,1.0,0.0,2.0,0.718781,0.0,0.0,1.4243,0.0,0.4636,6.0,1.4243,1.4243
7.0,6.0,6.0,50.0,23.0,0.0,0.0,5.0,0.0,2.0,0.261312,0.0,0.0,2.8198,0.0,0.4517,6.0,-0.32179265358979325,-0.32179265358979325
7.0,6.0,6.0,50.0,23.0,0.0,0.0,10.0,0.0,2.0,1.532835,0.0,0.0,2.1635,0.0,0.4441,6.0,-0.9780926535897931,-0.9780926535897931
7.0,7.0,3.0,53.0,18.0,0.7,0.0,1.0,0.0,2.0,0.835508,0.0,0.0,-1.6747,0.0,3.6962,9.0,4.608485307179587,4.608485307179587
7.0,7.0,6.0,56.0,18.0,0.7,0.0,5.0,0.0,2.0,1.132244,0.0,0.0,-1.722,0.0,4.3423,9.0,4.561185307179587,4.561185307179587
7.0,7.0,9.0,59.0,18.0,0.7,0.0,1.0,0.0,2.0,1.317728,0.0,0.0,-1.7876,0.0,4.7189,9.0,4.495585307179586,4.495585307179586
7.0,7.0,9.0,59.0,18.0,0.7,0.0,10.0,0.0,2.0,2.805557,0.0,0.0,-1.8281,0.0,3.3972,9.0,4.455085307179586,4.455085307179586
7.0,8.0,3.0,62.0,7.0,0.9,0.0,1.0,0.0,2.0,1.303275,0.0,0.0,1.5694,0.0,5.5407,9.0,1.5694,1.5694
7.0,8.0,6.0,65.0,7.0,0.9,0.0,5.0,0.0,2.0,1.424964,0.0,0.0,1.8361,0.0,4.3861,9.0,1.8361,1.8361
7.0,8.0,9.0,68.0,7.0,0.9,0.0,1.0,0.0,2.0,1.598514,0.0,0.0,1.683,0.0,6.2416,9.0,1.683,1.683
7.0,8.0,9.0,68.0,7.0,0.9,0.0,10.0,0.0,2.0,1.936317,0.0,0.0,1.7132,0.0,4.291,9.0,1.7132,1.7132
7.0,9.0,3.0,71.0,17.0,0.3,0.0,1.0,0.0,2.0,0.898209,0.0,0.0,-2.6808,0.0,1.1667,12.0,3.602385307179586,3.602385307179586
7.0,9.0,6.0,74.0,17.0,0.3,0.0,5.0,0.0,2.0,1.374261,0.0,0.0,-2.2823,0.0,2.0149,12.0,4.000885307179586,4.000885307179586
7.0,9.0,9.0,77.0,17.0,0.3,0.0,1.0,0.0,2.0,0.578936,0.0,0.0,-2.7882,0.0,2.1074,12.0,3.4949853071795864,3.4949853071795864
7.0,9.0,12.0,80.0,17.0,0.3,0.0,5.0,0.0,2.0,0.758547,0.0,0.0,-2.0036,0.0,1.4161,12.0,4.279585307179586,4.279585307179586
7.0,9.0,12.0,80.0,17.0,0.3,0.0,10.0,0.0,2.0,0.723194,0.0,0.0,2.5088,0.0,0.4195,12.0,5.650392653589793,5.650392653589793
7.0,10.0,3.0,83.0,5.0,0.5,0.0,1.0,0.0,2.0,0.372075,0.0,0.0,1.3268,0.0,1.8361,9.0,1.3268,1.3268
7.0,10.0,6.0,86.0,5.0,0.5,0.0,5.0,0.0,2.0,0.376396,0.0,0.0,1.1016,0.0,1.8122,9.0,1.1016,1.1016
7.0,10.0,9.0,89.0,5.0,0.5,0.0,1.0,0.0,2.0,0.987863,0.0,0.0,1.0487,0.0,2.2464,9.0,1.0487,1.0487
7.0,10.0,9.0,89.0,5.0,0.5,0.0,10.0,0.0,2.0,0.998632,0.0,0.0,1.2225,0.0,1.2557,9.0,1.2225,1.2225
7.0,11.0,3.0,92.0,25.0,0.5,0.0,1.0,0.0,2.0,0.929339,0.0,0.0,-0.058,0.0,2.2064,12.0,6.225185307179586,6.225185307179586
7.0,11.0,6.0,95.0,25.0,0.5,0.0,5.0,0.0,2.0,0.819654,0.0,0.0,-0.1107,0.0,2.655,12.0,6.172485307179587,6.172485307179587
7.0,11.0,9.0,98.0,25.0,0.5,0.0,1.0,0.0,2.0,0.552814,0.0,0.0,0.0039,0.0,1.9472,12.0,6.287085307179586,6.287085307179586
7.0,11.0,12.0,101.0,25.0,0.5,0.0,5.0,0.0,2.0,0.701858,0.0,0.0,-0.2746,0.0,2.5228,12.0,6.008585307179586,6.008585307179586
7.0,11.0,12.0,101.0,25.0,0.5,0.0,10.0,0.0,2.0,0.498248,0.0,0.0,0.0971,0.0,1.4729,12.0,6.380285307179586,6.380285307179586
7.0,12.0,3.0,104.0,3.0,0.7,0.0,1.0,0.0,2.0,1.301088,0.0,0.0,0.7304,0.0,4.4509,12.0,0.7304,0.7304
7.0,12.0,6.0,107.0,3.0,0.7,0.0,5.0,0.0,2.0,2.193853,0.0,0.0,0.2209,0.0,5.3859,12.0,0.2209,0.2209
7.0,12.0,9.0,110.0,3.0,0.7,0.0,1.0,0.0,2.0,2.34185,0.0,0.0,1.0666,0.0,5.0574,12.0,1.0666,1.0666
7.0,12.0,12.0,113.0,3.0,0.7,0.0,5.0,0.0,2.0,2.379503,0.0,0.0,0.4226,0.0,5.0037,12.0,0.4226,0.4226
7.0,12.0,12.0,113.0,3.0,0.7,0.0,10.0,0.0,2.0,3.418412,0.0,0.0,0.6084,0.0,4.5902,12.0,0.6084,0.6084
7.0,13.0,3.0,116.0,8.0,0.7,0.0,1.0,0.0,2.0,0.645364,0.0,0.0,1.5327,0.0,3.7542,3.0,1.5327,1.5327
7.0,13.0,3.0,116.0,8.0,0.7,0.0,10.0,0.0,2.0,1.503389,0.0,0.0,1.5471,0.0,3.4968,3.0,1.5471,1.5471
7.0,14.0,3.0,119.0,12.0,0.5,0.0,1.0,0.0,2.0,1.163707,0.0,0.0,3.0608,0.0,2.8888,12.0,3.0608,3.0608
7.0,14.0,6.0,122.0,12.0,0.5,0.0,5.0,0.0,2.0,0.628879,0.0,0.0,-2.9666,0.0,2.8935,12.0,3.316585307179586,3.316585307179586
7.0,14.0,9.0,125.0,12.0,0.5,0.0,1.0,0.0,2.0,0.802733,0.0,0.0,-2.9462,0.0,2.9812,12.0,3.336985307179586,3.336985307179586
7.0,14.0,12.0,128.0,12.0,0.5,0.0,5.0,0.0,2.0,1.137312,0.0,0.0,-3.06,0.0,4.3372,12.0,3.223185307179586,3.223185307179586
7.0,14.0,12.0,128.0,12.0,0.5,0.0,10.0,0.0,2.0,0.512088,0.0,0.0,-2.8703,0.0,3.3944,12.0,3.4128853071795864,3.4128853071795864
7.0,15.0,3.0,131.0,21.0,0.3,0.0,1.0,0.0,2.0,1.181899,0.0,0.0,-0.8338,0.0,1.7563,9.0,5.449385307179586,5.449385307179586
7.0,15.0,6.0,134.0,21.0,0.3,0.0,5.0,0.0,2.0,2.341313,0.0,0.0,1.0769,0.0,0.333,9.0,7.360085307179586,7.360085307179586
7.0,15.0,9.0,137.0,21.0,0.3,0.0,1.0,0.0,2.0,0.911761,0.0,0.0,-0.7168,0.0,1.7051,9.0,5.566385307179586,5.566385307179586
7.0,15.0,9.0,137.0,21.0,0.3,0.0,10.0,0.0,2.0,0.564179,0.0,0.0,-0.0532,0.0,1.2723,9.0,6.229985307179586,6.229985307179586
7.0,16.0,3.0,140.0,11.0,0.9,0.0,1.0,0.0,2.0,1.328758,0.0,0.0,2.7007,0.0,5.7608,3.0,2.7007,2.7007
7.0,16.0,3.0,140.0,11.0,0.9,0.0,10.0,0.0,2.0,17.137065,0.0,0.0,1.3218,0.0,0.4577,3.0,1.3218,1.3218
7.0,17.0,3.0,143.0,19.0,0.3,0.0,1.0,0.0,2.0,1.674977,0.0,0.0,-2.0204,0.0,1.1937,3.0,4.262785307179586,4.262785307179586
7.0,17.0,3.0,143.0,19.0,0.3,0.0,10.0,0.0,2.0,0.352984,0.0,0.0,2.4639,0.0,0.3957,3.0,5.605492653589794,5.605492653589794
7.0,18.0,3.0,146.0,22.0,0.7,0.0,1.0,0.0,2.0,0.944072,0.0,0.0,-0.6235,0.0,3.2318,12.0,5.659685307179586,5.659685307179586
7.0,18.0,6.0,149.0,22.0,0.7,0.0,5.0,0.0,2.0,2.403798,0.0,0.0,-0.7366,0.0,3.7043,12.0,5.546585307179586,5.546585307179586
7.0,18.0,9.0,152.0,22.0,0.7,0.0,1.0,0.0,2.0,1.119915,0.0,0.0,-0.7639,0.0,2.967,12.0,5.519285307179587,5.519285307179587
7.0,18.0,12.0,155.0,22.0,0.7,0.0,5.0,0.0,2.0,2.91721,0.0,0.0,-0.402,0.0,4.0927,12.0,5.881185307179586,5.881185307179586
7.0,18.0,12.0,155.0,22.0,0.7,0.0,10.0,0.0,2.0,0.624502,0.0,0.0,-0.6943,0.0,2.3381,12.0,5.588885307179586,5.588885307179586
7.0,19.0,3.0,158.0,14.0,0.0,0.0,1.0,0.0,2.0,0.251476,0.0,0.0,-3.1063,0.0,0.6394,9.0,0.035292653589793055,0.035292653589793055
7.0,19.0,6.0,161.0,14.0,0.0,0.0,5.0,0.0,2.0,0.093902,0.0,0.0,2.8649,0.0,0.633,9.0,-0.2766926535897931,-0.2766926535897931
7.0,19.0,9.0,164.0,14.0,0.0,0.0,1.0,0.0,2.0,0.272361,0.0,0.0,1.0184,0.0,0.6447,9.0,1.0184,1.0184
7.0,19.0,9.0,164.0,14.0,0.0,0.0,10.0,0.0,2.0,0.315426,0.0,0.0,1.8727,0.0,0.4803,9.0,-1.268892653589793,-1.268892653589793
7.0,20.0,3.0,167.0,9.0,0.0,0.0,1.0,0.0,2.0,0.828269,0.0,0.0,1.8662,0.0,0.5422,6.0,0.2954036732051035,0.2954036732051035
7.0,20.0,6.0,170.0,9.0,0.0,0.0,5.0,0.0,2.0,2.422878,0.0,0.0,2.2473,0.0,0.6845,6.0,0.6765036732051035,0.6765036732051035
7.0,20.0,6.0,170.0,9.0,0.0,0.0,10.0,0.0,2.0,0.384272,0.0,0.0,1.852,0.0,0.3521,6.0,0.28120367320510353,0.28120367320510353
7.0,21.0,3.0,173.0,16.0,0.9,0.0,1.0,0.0,2.0,0.424821,0.0,0.0,-2.5742,0.0,5.1617,6.0,3.7089853071795864,3.7089853071795864
7.0,21.0,6.0,176.0,16.0,0.9,0.0,5.0,0.0,2.0,1.505697,0.0,0.0,-2.6399,0.0,5.3934,6.0,3.6432853071795863,3.6432853071795863
7.0,21.0,6.0,176.0,16.0,0.9,0.0,10.0,0.0,2.0,0.18957,0.0,0.0,-2.6966,0.0,4.8725,6.0,3.586585307179586,3.586585307179586
7.0,22.0,3.0,179.0,20.0,0.5,0.0,1.0,0.0,2.0,2.580228,0.0,0.0,-1.3529,0.0,3.0261,6.0,4.930285307179586,4.930285307179586
7.0,22.0,6.0,182.0,20.0,0.5,0.0,5.0,0.0,2.0,0.486801,0.0,0.0,-1.6556,0.0,3.4631,6.0,4.6275853071795865,4.6275853071795865
7.0,22.0,6.0,182.0,20.0,0.5,0.0,10.0,0.0,2.0,2.379083,0.0,0.0,-1.6799,0.0,3.1083,6.0,4.603285307179586,4.603285307179586
7.0,23.0,3.0,185.0,24.0,0.9,0.0,1.0,0.0,2.0,0.215218,0.0,0.0,-0.1084,0.0,5.2104,3.0,6.174785307179587,6.174785307179587
7.0,23.0,3.0,185.0,24.0,0.9,0.0,10.0,0.0,2.0,0.301976,0.0,0.0,-0.1004,0.0,4.8736,3.0,6.182785307179587,6.182785307179587
7.0,24.0,3.0,188.0,10.0,0.3,0.0,1.0,0.0,2.0,0.475288,0.0,0.0,2.4933,0.0,1.5562,9.0,2.4933,2.4933
7.0,24.0,6.0,191.0,10.0,0.3,0.0,5.0,0.0,2.0,2.048396,0.0,0.0,2.0498,0.0,1.0928,9.0,2.0498,2.0498
7.0,24.0,9.0,194.0,10.0,0.3,0.0,1.0,0.0,2.0,0.597364,0.0,0.0,2.4878,0.0,0.7293,9.0,2.4878,2.4878
7.0,24.0,9.0,194.0,10.0,0.3,0.0,10.0,0.0,2.0,0.290007,0.0,0.0,1.9118,0.0,0.2473,9.0,1.9118,1.9118
7.0,25.0,3.0,197.0,6.0,0.3,0.0,1.0,0.0,2.0,0.536331,0.0,0.0,1.4948,0.0,1.4853,6.0,1.4948,1.4948
7.0,25.0,6.0,200.0,6.0,0.3,0.0,5.0,0.0,2.0,1.455066,0.0,0.0,1.0374,0.0,1.1088,6.0,1.0374,1.0374
7.0,25.0,6.0,200.0,6.0,0.3,0.0,10.0,0.0,2.0,0.294483,0.0,0.0,0.4064,0.0,1.3504,6.0,0.4064,0.4064
8.0,1.0,20.0,20.0,1.0,0.0,0.0,10.0,0.0,2.0,6.304075,0.0,0.0,2.7928,0.0,0.2563,20.0,1.2220036732051036,1.2220036732051036
8.0,2.0,3.0,23.0,24.0,0.9,0.0,1.0,0.0,2.0,4.089695,0.0,0.0,-0.4117,0.0,5.2175,3.0,5.8714853071795865,5.8714853071795865
8.0,2.0,3.0,23.0,24.0,0.9,0.0,10.0,0.0,2.0,3.492571,0.0,0.0,-0.183,0.0,5.4567,3.0,6.100185307179586,6.100185307179586
8.0,3.0,3.0,26.0,8.0,0.7,0.0,1.0,0.0,2.0,2.130071,0.0,0.0,2.1183,0.0,5.1469,3.0,2.1183,2.1183
8.0,3.0,3.0,26.0,8.0,0.7,0.0,10.0,0.0,2.0,0.99752,0.0,0.0,1.8587,0.0,4.294,3.0,1.8587,1.8587
8.0,4.0,3.0,29.0,16.0,0.9,0.0,1.0,0.0,2.0,2.049436,0.0,0.0,2.9513,0.0,5.4791,6.0,6.092892653589793,6.092892653589793
8.0,4.0,6.0,32.0,16.0,0.9,0.0,5.0,0.0,2.0,2.016074,0.0,0.0,-2.8907,0.0,5.0567,6.0,3.3924853071795864,3.3924853071795864
8.0,4.0,6.0,32.0,16.0,0.9,0.0,10.0,0.0,2.0,1.942845,0.0,0.0,-1.6419,0.0,5.2401,6.0,4.6412853071795865,4.6412853071795865
8.0,5.0,3.0,35.0,12.0,0.5,0.0,1.0,0.0,2.0,2.422318,0.0,0.0,2.2314,0.0,4.2712,12.0,2.2314,2.2314
8.0,5.0,6.0,38.0,12.0,0.5,0.0,5.0,0.0,2.0,2.076261,0.0,0.0,-3.1351,0.0,2.2412,12.0,3.1480853071795862,3.1480853071795862
8.0,5.0,9.0,41.0,12.0,0.5,0.0,1.0,0.0,2.0,1.895696,0.0,0.0,-1.8301,0.0,3.2174,12.0,4.453085307179586,4.453085307179586
8.0,5.0,12.0,44.0,12.0,0.5,0.0,5.0,0.0,2.0,1.775913,0.0,0.0,-1.7066,0.0,2.5346,12.0,4.576585307179586,4.576585307179586
8.0,5.0,12.0,44.0,12.0,0.5,0.0,10.0,0.0,2.0,1.402073,0.0,0.0,-1.848,0.0,0.8804,12.0,4.435185307179586,4.435185307179586
8.0,6.0,3.0,47.0,11.0,0.9,0.0,1.0,0.0,2.0,1.534498,0.0,0.0,2.7254,0.0,3.6475,3.0,2.7254,2.7254
8.0,6.0,3.0,47.0,11.0,0.9,0.0,10.0,0.0,2.0,1.114681,0.0,0.0,-3.1381,0.0,4.1538,3.0,0.0034926535897930044,0.0034926535897930044
8.0,7.0,3.0,50.0,2.0,0.9,0.0,1.0,0.0,2.0,1.581493,0.0,0.0,-0.1768,0.0,4.6496,12.0,-0.1768,-0.1768
8.0,7.0,6.0,53.0,2.0,0.9,0.0,5.0,0.0,2.0,2.270436,0.0,0.0,-0.7938,0.0,5.5287,12.0,-0.7938,-0.7938
8.0,7.0,9.0,56.0,2.0,0.9,0.0,1.0,0.0,2.0,1.890348,0.0,0.0,0.0094,0.0,6.1981,12.0,0.0094,0.0094
8.0,7.0,12.0,59.0,2.0,0.9,0.0,5.0,0.0,2.0,2.253295,0.0,0.0,3.0939,0.0,5.8248,12.0,3.0939,3.0939
8.0,7.0,12.0,59.0,2.0,0.9,0.0,10.0,0.0,2.0,2.497702,0.0,0.0,2.2733,0.0,6.0448,12.0,2.2733,2.2733
8.0,8.0,3.0,62.0,7.0,0.9,0.0,1.0,0.0,2.0,1.488337,0.0,0.0,1.1016,0.0,1.1786,9.0,1.1016,1.1016
8.0,8.0,6.0,65.0,7.0,0.9,0.0,5.0,0.0,2.0,1.522994,0.0,0.0,0.6011,0.0,2.7882,9.0,0.6011,0.6011
8.0,8.0,9.0,68.0,7.0,0.9,0.0,1.0,0.0,2.0,4.351001,0.0,0.0,2.5191,0.0,5.7596,9.0,2.5191,2.5191
8.0,8.0,9.0,68.0,7.0,0.9,0.0,10.0,0.0,2.0,0.959378,0.0,0.0,3.0042,0.0,3.4121,9.0,3.0042,3.0042
8.0,9.0,3.0,71.0,14.0,0.0,0.0,1.0,0.0,2.0,2.211643,0.0,0.0,-0.8243,0.0,1.1933,9.0,-0.8243,-0.8243
8.0,9.0,6.0,74.0,14.0,0.0,0.0,5.0,0.0,2.0,1.05539,0.0,0.0,-0.8457,0.0,5.0524,9.0,-0.8457,-0.8457
8.0,9.0,9.0,77.0,14.0,0.0,0.0,1.0,0.0,2.0,1.017668,0.0,0.0,-0.3813,0.0,3.4527,9.0,-0.3813,-0.3813
8.0,9.0,9.0,77.0,14.0,0.0,0.0,10.0,0.0,2.0,1.087093,0.0,0.0,-1.1819,0.0,3.061,9.0,-1.1819,-1.1819
8.0,10.0,3.0,80.0,6.0,0.3,0.0,1.0,0.0,2.0,1.070931,0.0,0.0,-0.544,0.0,1.749,6.0,-0.544,-0.544
8.0,10.0,6.0,83.0,6.0,0.3,0.0,5.0,0.0,2.0,1.319614,0.0,0.0,-0.2397,0.0,4.3662,6.0,-0.2397,-0.2397
8.0,10.0,6.0,83.0,6.0,0.3,0.0,10.0,0.0,2.0,0.424272,0.0,0.0,-1.4956,0.0,3.9825,6.0,-1.4956,-1.4956
8.0,11.0,3.0,86.0,25.0,0.5,0.0,1.0,0.0,2.0,4.138965,0.0,0.0,-0.154,0.0,4.1887,12.0,6.129185307179586,6.129185307179586
8.0,11.0,6.0,89.0,25.0,0.5,0.0,5.0,0.0,2.0,1.016729,0.0,0.0,-0.3752,0.0,2.5499,12.0,5.907985307179587,5.907985307179587
8.0,11.0,9.0,92.0,25.0,0.5,0.0,1.0,0.0,2.0,0.909767,0.0,0.0,-0.2497,0.0,4.9044,12.0,6.033485307179586,6.033485307179586
8.0,11.0,12.0,95.0,25.0,0.5,0.0,5.0,0.0,2.0,1.795952,0.0,0.0,-0.9217,0.0,5.7365,12.0,5.361485307179587,5.361485307179587
8.0,11.0,12.0,95.0,25.0,0.5,0.0,10.0,0.0,2.0,0.732111,0.0,0.0,-1.8439,0.0,5.1702,12.0,4.439285307179587,4.439285307179587
8.0,12.0,3.0,98.0,15.0,0.5,0.0,1.0,0.0,2.0,0.939942,0.0,0.0,-1.1373,0.0,2.3811,3.0,5.1458853071795865,5.1458853071795865
8.0,12.0,3.0,98.0,15.0,0.5,0.0,10.0,0.0,2.0,0.719388,0.0,0.0,-1.5124,0.0,3.627,3.0,4.770785307179587,4.770785307179587
8.0,13.0,3.0,101.0,13.0,0.7,0.0,1.0,0.0,2.0,1.121563,0.0,0.0,-1.2302,0.0,1.5955,6.0,5.052985307179586,5.052985307179586
8.0,13.0,6.0,104.0,13.0,0.7,0.0,5.0,0.0,2.0,0.647082,0.0,0.0,-0.814,0.0,1.2652,6.0,5.469185307179586,5.469185307179586
8.0,13.0,6.0,104.0,13.0,0.7,0.0,10.0,0.0,2.0,0.49849,0.0,0.0,-1.496,0.0,3.6164,6.0,4.787185307179586,4.787185307179586
8.0,14.0,3.0,107.0,3.0,0.7,0.0,1.0,0.0,2.0,2.917652,0.0,0.0,-0.5524,0.0,5.3425,12.0,-0.5524,-0.5524
8.0,14.0,6.0,110.0,3.0,0.7,0.0,5.0,0.0,2.0,0.969245,0.0,0.0,-0.2411,0.0,5.0142,12.0,-0.2411,-0.2411
8.0,14.0,9.0,113.0,3.0,0.7,0.0,1.0,0.0,2.0,1.123705,0.0,0.0,-2.0319,0.0,5.0375,12.0,1.1096926535897933,1.1096926535897933
8.0,14.0,12.0,116.0,3.0,0.7,0.0,5.0,0.0,2.0,4.592877,0.0,0.0,-0.573,0.0,4.5783,12.0,-0.573,-0.573
8.0,14.0,12.0,116.0,3.0,0.7,0.0,10.0,0.0,2.0,0.389186,0.0,0.0,-1.4928,0.0,4.2177,12.0,-1.4928,-1.4928
8.0,15.0,3.0,119.0,19.0,0.3,0.0,1.0,0.0,2.0,1.178167,0.0,0.0,-1.0224,0.0,3.935,3.0,5.260785307179586,5.260785307179586
8.0,15.0,3.0,119.0,19.0,0.3,0.0,10.0,0.0,2.0,0.731627,0.0,0.0,-1.2685,0.0,5.5668,3.0,5.014685307179587,5.014685307179587
8.0,16.0,3.0,122.0,20.0,0.5,0.0,1.0,0.0,2.0,0.97899,0.0,0.0,-0.9865,0.0,3.851,6.0,5.296685307179586,5.296685307179586
8.0,16.0,6.0,125.0,20.0,0.5,0.0,5.0,0.0,2.0,1.069857,0.0,0.0,-0.781,0.0,5.9105,6.0,5.5021853071795865,5.5021853071795865
8.0,16.0,6.0,125.0,20.0,0.5,0.0,10.0,0.0,2.0,0.805906,0.0,0.0,-1.5566,0.0,4.6287,6.0,4.726585307179587,4.726585307179587
8.0,17.0,3.0,128.0,9.0,0.0,0.0,1.0,0.0,2.0,1.002103,0.0,0.0,-0.9608,0.0,1.5675,6.0,-0.9608,-0.9608
8.0,17.0,6.0,131.0,9.0,0.0,0.0,5.0,0.0,2.0,0.80572,0.0,0.0,-1.312,0.0,0.2568,6.0,-1.312,-1.312
8.0,17.0,6.0,131.0,9.0,0.0,0.0,10.0,0.0,2.0,0.404875,0.0,0.0,-0.907,0.0,1.1493,6.0,-0.907,-0.907
8.0,18.0,3.0,134.0,18.0,0.7,0.0,1.0,0.0,2.0,1.020023,0.0,0.0,-1.7087,0.0,3.346,9.0,4.574485307179586,4.574485307179586
8.0,18.0,6.0,137.0,18.0,0.7,0.0,5.0,0.0,2.0,0.789639,0.0,0.0,-1.5292,0.0,2.6303,9.0,4.753985307179587,4.753985307179587
8.0,18.0,9.0,140.0,18.0,0.7,0.0,1.0,0.0,2.0,1.059978,0.0,0.0,-1.8025,0.0,3.2103,9.0,4.480685307179586,4.480685307179586
8.0,18.0,9.0,140.0,18.0,0.7,0.0,10.0,0.0,2.0,0.357064,0.0,0.0,-1.6708,0.0,4.7542,9.0,4.612385307179586,4.612385307179586
8.0,19.0,3.0,143.0,21.0,0.3,0.0,1.0,0.0,2.0,0.909466,0.0,0.0,-1.3213,0.0,2.3354,9.0,4.961885307179586,4.961885307179586
8.0,19.0,6.0,146.0,21.0,0.3,0.0,5.0,0.0,2.0,0.771121,0.0,0.0,-0.5927,0.0,5.2015,9.0,5.6904853071795864,5.6904853071795864
8.0,19.0,9.0,149.0,21.0,0.3,0.0,1.0,0.0,2.0,1.015397,0.0,0.0,-1.4674,0.0,3.4642,9.0,4.815785307179587,4.815785307179587
8.0,19.0,9.0,149.0,21.0,0.3,0.0,10.0,0.0,2.0,0.697455,0.0,0.0,-2.5193,0.0,3.6567,9.0,3.7638853071795864,3.7638853071795864
8.0,20.0,3.0,152.0,10.0,0.3,0.0,1.0,0.0,2.0,1.1897,0.0,0.0,-0.5622,0.0,5.8067,9.0,-0.5622,-0.5622
8.0,20.0,6.0,155.0,10.0,0.3,0.0,5.0,0.0,2.0,0.774253,0.0,0.0,2.8535,0.0,1.439,9.0,2.8535,2.8535
8.0,20.0,9.0,158.0,10.0,0.3,0.0,1.0,0.0,2.0,3.039649,0.0,0.0,2.5536,0.0,0.0263,9.0,2.5536,2.5536
8.0,20.0,9.0,158.0,10.0,0.3,0.0,10.0,0.0,2.0,1.781619,0.0,0.0,1.6762,0.0,0.7634,9.0,1.6762,1.6762
8.0,21.0,3.0,161.0,5.0,0.5,0.0,1.0,0.0,2.0,1.501539,0.0,0.0,-1.009,0.0,5.3308,9.0,-1.009,-1.009
8.0,21.0,6.0,164.0,5.0,0.5,0.0,5.0,0.0,2.0,0.844415,0.0,0.0,0.8935,0.0,2.2483,9.0,0.8935,0.8935
8.0,21.0,9.0,167.0,5.0,0.5,0.0,1.0,0.0,2.0,0.973637,0.0,0.0,-0.9138,0.0,2.3786,9.0,-0.9138,-0.9138
8.0,21.0,9.0,167.0,5.0,0.5,0.0,10.0,0.0,2.0,0.49269,0.0,0.0,-1.1385,0.0,3.5374,9.0,-1.1385,-1.1385
8.0,22.0,3.0,170.0,22.0,0.7,0.0,1.0,0.0,2.0,1.209293,0.0,0.0,-1.7049,0.0,4.0956,12.0,4.578285307179586,4.578285307179586
8.0,22.0,6.0,173.0,22.0,0.7,0.0,5.0,0.0,2.0,1.055716,0.0,0.0,-0.7947,0.0,4.9918,12.0,5.4884853071795865,5.4884853071795865
8.0,22.0,9.0,176.0,22.0,0.7,0.0,1.0,0.0,2.0,1.380132,0.0,0.0,-2.025,0.0,3.4444,12.0,4.258185307179586,4.258185307179586
8.0,22.0,12.0,179.0,22.0,0.7,0.0,5.0,0.0,2.0,0.852109,0.0,0.0,-0.6777,0.0,3.8889,12.0,5.6054853071795865,5.6054853071795865
8.0,22.0,12.0,179.0,22.0,0.7,0.0,10.0,0.0,2.0,0.721098,0.0,0.0,-0.9798,0.0,4.7297,12.0,5.303385307179586,5.303385307179586
8.0,23.0,3.0,182.0,17.0,0.3,0.0,1.0,0.0,2.0,0.849387,0.0,0.0,-0.9987,0.0,4.949,12.0,5.284485307179586,5.284485307179586
8.0,23.0,6.0,185.0,17.0,0.3,0.0,5.0,0.0,2.0,0.816503,0.0,0.0,-0.5474,0.0,5.8906,12.0,5.735785307179587,5.735785307179587
8.0,23.0,9.0,188.0,17.0,0.3,0.0,1.0,0.0,2.0,1.034258,0.0,0.0,-1.5235,0.0,3.8588,12.0,4.759685307179586,4.759685307179586
8.0,23.0,12.0,191.0,17.0,0.3,0.0,5.0,0.0,2.0,0.878877,0.0,0.0,-1.1875,0.0,5.2896,12.0,5.095685307179586,5.095685307179586
8.0,23.0,12.0,191.0,17.0,0.3,0.0,10.0,0.0,2.0,0.376829,0.0,0.0,-1.7204,0.0,3.8685,12.0,4.5627853071795865,4.5627853071795865
8.0,24.0,3.0,194.0,23.0,0.0,0.0,1.0,0.0,2.0,2.304085,0.0,0.0,-0.313,0.0,5.0258,6.0,-0.313,-0.313
8.0,24.0,6.0,197.0,23.0,0.0,0.0,5.0,0.0,2.0,1.081948,0.0,0.0,-0.3697,0.0,2.2626,6.0,-0.3697,-0.3697
8.0,24.0,6.0,197.0,23.0,0.0,0.0,10.0,0.0,2.0,0.458526,0.0,0.0,-1.9899,0.0,2.4934,6.0,1.1516926535897931,1.1516926535897931
8.0,25.0,3.0,200.0,4.0,0.0,0.0,1.0,0.0,2.0,2.16702,0.0,0.0,-0.1483,0.0,4.3475,3.0,-0.1483,-0.1483
8.0,25.0,3.0,200.0,4.0,0.0,0.0,10.0,0.0,2.0,0.948089,0.0,0.0,-0.8023,0.0,4.569,3.0,-0.8023,-0.8023
